标题	正文页URL
上海市人民代表大会常务委员会关于修改《上海市环境保护条例》等12件地方性法规的决定	https://www.shrd.gov.cn/shrd/gk/content/27acd3c3-49b0-4213-a37a-19351efb8236.html
上海市人民代表大会常务委员会关于修改《上海市浦东新区促进张江生物医药产业创新高地建设规定》等2件地方性法规的决定	https://www.shrd.gov.cn/shrd/gk/content/c0776f87-b654-4383-bb1d-b47928511f04.html
上海市测绘地理信息条例	https://www.shrd.gov.cn/shrd/gk/content/23938cf0-756e-4e9c-81f9-0d9ce21a01aa.html
上海市人民代表大会常务委员会关于修改《上海市浦东新区推进市场准营承诺即入制改革若干规定》等3件地方性法规的决定	https://www.shrd.gov.cn/shrd/gk/content/9203a09c-49f4-4a0a-bdbb-358da0da57f9.html
上海市促进长三角政务服务“一网通办”规定	https://www.shrd.gov.cn/shrd/gk/content/fc3a0a64-bbb9-4cf3-810c-84e646509175.html
上海市浦东新区自贸离岸债业务发展若干规定	https://www.shrd.gov.cn/shrd/fggb/content/ceb1a3a3-1387-42dd-bb81-18d372760d3e.html
上海市行业协会商会条例	https://www.shrd.gov.cn/shrd/fggb/content/9fe3e944-0e96-4537-a76e-197361bc2cd0.html
上海市历史文化名镇保护条例	https://www.shrd.gov.cn/shrd/gk/content/5195ae45-620c-41de-8343-bbfe440ab078.html
上海市促进邮轮经济发展若干规定	https://www.shrd.gov.cn/shrd/fggb/content/3051f53e-a5f1-451b-89d7-fbe0ea8c408d.html
上海市人民代表大会常务委员会关于修改《上海市市民体育健身条例》等4件地方性法规和废止《上海市酒类商品产销管理条例》的决定	https://www.shrd.gov.cn/shrd/fggb/content/2e6c8a7b-5dad-4541-b921-fe21e28a519c.html
《上海市人民代表大会常务委员会关于修改〈上海市浦东新区建立高水平知识产权保护制度若干规定〉等2件地方性法规的决定》	https://www.shrd.gov.cn/shrd/fggb/content/857497d9-2e47-46cb-ac58-01359dd44117.html
上海市各级人民代表大会常务委员会监督条例	https://www.shrd.gov.cn/shrd/fggb/content/91f4b34f-00e1-4dc0-9ed9-22a7eefcefc2.html
上海市人民代表大会常务委员会关于对部分法律性问题的决定和地方性法规解释宣告失效的决定	https://www.shrd.gov.cn/shrd/gk/content/b3fd0486-5c77-48e7-abd2-61493b6acffb.html
上海市人民代表大会常务委员会关于修改《上海市优化营商环境条例》的决定	https://www.shrd.gov.cn/shrd/gk/content/dfd77a03-a7e4-4ab0-8f4d-e01cc218d6ed.html
上海市燃气条例	https://www.shrd.gov.cn/shrd/fggb/content/c8ff6775-6f0b-42af-904e-e5458453fbbe.html
上海市特种行业和公共场所治安管理条例	https://www.shrd.gov.cn/shrd/fggb/content/e3075fe6-69ec-4db4-bfe6-0656eb9b96af.html
上海市法律援助若干规定	https://www.shrd.gov.cn/shrd/fggb/content/f5345104-762b-45ce-9f31-13a7a766a227.html
上海市节约用水条例	https://www.shrd.gov.cn/shrd/fggb/content/3fd51b64-8265-4ce0-81db-622e9c5eb5fd.html
上海市人民代表大会常务委员会关于修改《上海市实施〈中华人民共和国全国人民代表大会和地方各级人民代表大会代表法〉办法》等3件地方性法规的决定	https://www.shrd.gov.cn/shrd/fggb/content/e1730c5a-4ca3-431f-95a3-3e6e80eae74e.html
上海市人民代表大会常务委员会关于修改《上海市老年人权益保障条例》的决定	https://www.shrd.gov.cn/shrd/fggb/content/5e22b70d-8c20-4ce1-9a59-5a0b3742a2db.html
上海市民营经济促进条例	https://www.shrd.gov.cn/shrd/fggb/content/d7accc60-8964-4259-892f-546075983ca7.html
中国（上海）自由贸易试验区条例	https://www.shrd.gov.cn/shrd/fggb/content/d87eaf7c-e08a-4327-a18f-ac6c57e03d45.html
上海市粮食安全保障条例	https://www.shrd.gov.cn/shrd/fggb/content/e1641916-3762-40ef-8edd-54381583cfd7.html
上海市人民代表大会常务委员会关于深入推进生态文明建设 打造美丽中国上海典范的决定	https://www.shrd.gov.cn/shrd/fggb/content/1931e7ee-a293-42c7-ab4b-07ef7a521992.html
上海市人民代表大会常务委员会关于促进长三角科技创新协同发展的决定	https://www.shrd.gov.cn/shrd/fggb/content/1659a7fd-509a-4229-bcf4-7cb700823186.html
上海市发展规划条例	https://www.shrd.gov.cn/shrd/fggb/content/f526f008-8a5b-4ed4-8863-2fd1f44e6296.html
《上海市人民代表大会常务委员会关于修改〈上海市浦东新区促进张江生物医药产业创新高地建设规定〉等2件地方性法规的决定》公布	https://www.shrd.gov.cn/shrd/fggb/content/e3cad71e-6d74-46ce-844e-5e0f9f6391e7.html
上海市浦东新区促进中国（上海）自由贸易试验区自由贸易账户业务发展若干规定	https://www.shrd.gov.cn/shrd/fggb/content/d0b48e3d-bd32-4003-995a-78a24e4ad008.html
上海市医疗保障条例	https://www.shrd.gov.cn/shrd/fggb/content/ed44eb28-780d-4b53-bc07-17f33872e62b.html
上海市药品和医疗器械管理条例	https://www.shrd.gov.cn/shrd/fggb/content/3986bc78-50d9-4857-b78f-edd4a01ea360.html
上海市人民代表大会常务委员会关于修改〈上海市制定地方性法规条例〉等3件地方性法规的决定	https://www.shrd.gov.cn/shrd/fggb/content/37a4b05c-9d14-4718-b2ca-ac6d9399fd10.html
上海市人民代表大会常务委员会关于修改〈上海市公路管理条例〉等10件地方性法规的决定	https://www.shrd.gov.cn/shrd/fggb/content/1061ef90-4d47-4f28-856c-96752a98caa3.html
上海市促进浦东新区运用区块链赋能电子单证应用若干规定	https://www.shrd.gov.cn/shrd/fggb/content/e0ad52d3-1fd2-4ea1-8099-ff08ab7801d0.html
上海市推进国际航运中心建设条例	https://www.shrd.gov.cn/shrd/fggb/content/9b41a699-794f-4c9b-b5d9-b897dfaf1796.html
上海市促进农业科技进步若干规定	https://www.shrd.gov.cn/shrd/fggb/content/3a52fc63-9bf9-496e-ae3d-c41b8b8a4b21.html
上海市人民代表大会常务委员会关于修改〈上海市人民代表大会常务委员会规范性文件备案审查条例〉的决定	https://www.shrd.gov.cn/shrd/fggb/content/6bd9b0b6-d6e6-458d-89a0-200e25deb085.html
上海市公共图书馆条例	https://www.shrd.gov.cn/shrd/fggb/content/2bf367a3-ddf5-4246-9251-accb314a80a2.html
上海市促进浦东新区商事调解规定	https://www.shrd.gov.cn/shrd/fggb/content/6c5d4768-2848-42af-8fb4-60d1f29dec07.html
上海市推进浦东新区实施建筑师负责制若干规定	https://www.shrd.gov.cn/shrd/fggb/content/c65e5325-2909-4177-a8ba-5a1f28ba8c2d.html
上海市促进浦东新区保税维修业务发展若干规定	https://www.shrd.gov.cn/shrd/fggb/content/966f4ab6-0b8b-40d6-b76b-0dd7ddf2ec08.html
上海市人民代表大会常务委员会关于修改《上海市殡葬管理条例》的决定	https://www.shrd.gov.cn/shrd/fggb/content/9ee645ce-1c9e-4e96-95d5-54c73a786b3e.html
上海市无障碍环境建设条例	https://www.shrd.gov.cn/shrd/fggb/content/ec9091c8-76cb-473b-8dd1-0726e5794671.html
上海市气象条例	https://www.shrd.gov.cn/shrd/fggb/content/07519bad-0936-487c-9eb3-6adfa9f32680.html
上海市绿色建筑条例	https://www.shrd.gov.cn/shrd/fggb/content/3030f24c-7ed3-419d-9f51-afbe4ea930aa.html
上海市人民代表大会常务委员会关于修改《上海市优化营商环境条例》的决定	https://www.shrd.gov.cn/shrd/fggb/content/6aa0ecc5-7c57-4b6c-9501-7527eb6231a2.html
上海市人民代表大会常务委员会关于修改《上海市妇女权益保障条例》等4件地方性法规的决定	https://www.shrd.gov.cn/shrd/fggb/content/084e803d-c268-464c-8b21-a31c1ac6884d.html
上海市中小学校外实践教育促进规定	https://www.shrd.gov.cn/shrd/fggb/content/a6a4e7a7-f283-4a66-9db0-d4b38bf48605.html
上海市推进国际金融中心建设条例	https://www.shrd.gov.cn/shrd/fggb/content/a6669ac1-63ed-4b75-9671-8f7a2d430a8e.html
上海市科学技术进步条例	https://www.shrd.gov.cn/shrd/fggb/content/5d5d239e-c2e2-4dd6-b16e-a2dde82b6e3b.html
上海市人民代表大会常务委员会关于修改《上海市非机动车安全管理条例》的决定	https://www.shrd.gov.cn/shrd/fggb/content/867a294a-cd60-4ddf-83fc-a306282889aa.html
上海市促进长三角生态绿色一体化发展示范区高质量发展条例	https://www.shrd.gov.cn/shrd/fggb/content/f1c63cfd-eea0-4825-bc80-c2f288b6cd23.html
上海市无废城市建设条例	https://www.shrd.gov.cn/shrd/fggb/content/549f11e6-2d5a-4470-97ac-7979b841e990.html
上海市推进国际贸易中心建设条例	https://www.shrd.gov.cn/shrd/fggb/content/26cf1c94-a666-44f2-80d1-b99aec1e748a.html
上海市人民代表大会常务委员会关于修改《上海市养老服务条例》等12件地方性法规和废止《上海市保护和发展邮电通信规定》等6件地方性法规的决定	https://www.shrd.gov.cn/shrd/fggb/content/5e0258d9-1f12-40bb-aae8-82573c0a9510.html
上海市人民代表大会常务委员会关于修改《上海市人民代表大会常务委员会关于区县和乡镇人民代表大会工作的若干规定》等5件地方性法规和废止《上海市预防职务犯罪工作若干规定》的决定	https://www.shrd.gov.cn/shrd/fggb/content/17c4f091-c30f-4462-ba46-bbff3ad37da6.html
上海市发展方式绿色转型促进条例	https://www.shrd.gov.cn/shrd/fggb/content/2e150e93-e863-48ac-9237-84f61476affa.html
上海市人民代表大会常务委员会关于修改《上海市优化营商环境条例》的决定	https://www.shrd.gov.cn/shrd/fggb/content/35e592b5-8025-47f0-a671-c7cc30fa5601.html
上海市体育发展条例	https://www.shrd.gov.cn/shrd/fggb/content/7b2f44e5-cf32-414e-9d3f-3379d81a29ba.html
上海市推进国际商事仲裁中心建设条例	https://www.shrd.gov.cn/shrd/fggb/content/ab9ce875-5398-44c3-add8-6c507aa3cd08.html
上海市实施《中华人民共和国土地管理法》办法	https://www.shrd.gov.cn/shrd/fggb/content/2ff30f32-3efd-432a-b4ef-e0c850d22bdc.html
上海市人民代表大会常务委员会关于促进和保障“五个新城”建设的决定	https://www.shrd.gov.cn/shrd/fggb/content/e7177275-f098-473c-9d10-79aa06163daa.html
上海市种子条例	https://www.shrd.gov.cn/shrd/fggb/content/637cfca7-0b1d-498a-a6c8-456ea67b40a0.html
上海市爱国卫生与健康促进条例	https://www.shrd.gov.cn/shrd/fggb/content/f3c800f7-27bd-42e2-927c-de34376bae69.html
《上海市养老服务条例》实施以来相关出台文件清单	http://www.shrd.gov.cn/n8347/n8483/u1ai238360.html
上海市推进科技创新中心建设条例	https://www.shrd.gov.cn/shrd/fggb/content/3a3421e7-0cce-423a-8211-b3bb77a06de9.html
上海市排水与污水处理条例	https://www.shrd.gov.cn/shrd/fggb/content/d2add81e-0ab3-4bad-bfcb-bf891e3602c2.html
上海市家政服务条例	https://www.shrd.gov.cn/shrd/fggb/content/7665b7af-c2fa-4e06-a3b3-e3b3c659c66e.html
上海市司法鉴定管理条例	https://www.shrd.gov.cn/shrd/fggb/content/5dfc0d25-4ccb-43ac-8a45-0d08bbe9693a.html
上海市人民代表大会常务委员会关于修改《上海市志愿服务条例》的决定	https://www.shrd.gov.cn/shrd/fggb/content/66b783cf-5c29-449f-aa64-9cef6c51c17d.html
上海市浦东新区固体废物资源化再利用若干规定	https://www.shrd.gov.cn/shrd/fggb/content/ded4c315-383c-49a3-b6f3-8a2abb703974.html
上海市人民代表大会常务委员会关于修改《上海市历史文化风貌区和优秀历史建筑保护条例》的决定	https://www.shrd.gov.cn/shrd/fggb/content/642a76c9-7674-4e2a-8c61-189d0ce25a86.html
上海市船舶污染防治条例	https://www.shrd.gov.cn/shrd/fggb/content/7e9c9f1f-1852-44fb-89ae-d43c3869caea.html
上海市住房租赁条例	https://www.shrd.gov.cn/shrd/fggb/content/309f21b9-74b1-40ae-994b-ad8f4a0de443.html
上海市学前教育与托育服务条例	https://www.shrd.gov.cn/shrd/fggb/content/5a863511-248c-4881-bef2-108f77766d75.html
上海市浦东新区促进无驾驶人智能网联汽车创新应用规定	https://www.shrd.gov.cn/shrd/fggb/content/d2590d3c-2db8-4338-a9d7-7607270ea494.html
上海市妇女权益保障条例	https://www.shrd.gov.cn/shrd/fggb/content/288c8807-da0a-4dda-abc8-1295c79fe8f8.html
上海市动物防疫条例	https://www.shrd.gov.cn/shrd/fggb/content/040e7413-f0bf-416c-90c4-cf0920920f7a.html
上海市浦东新区优化揭榜挂帅机制促进新型研发机构发展若干规定	https://www.shrd.gov.cn/shrd/fggb/content/10c87951-4dac-4a8d-aa5c-694560eb931c.html
上海市人民代表大会常务委员会关于修改《上海市实施〈中华人民共和国全国人民代表大会和地方各级人民代表大会代表法〉办法》等3件地方性法规和废止《上海市授予荣誉市民称号规定》的决定	https://www.shrd.gov.cn/shrd/fggb/content/58af0ff1-62e7-4aa7-8a75-e69f262259a9.html
上海市人民代表大会常务委员会关于修改《上海市公共场所控制吸烟条例》等5件地方性法规和废止《上海市企业名称登记管理规定》的决定	https://www.shrd.gov.cn/shrd/fggb/content/9cf674f0-9bfa-480e-8db5-f9b7d994f4f3.html
上海市促进虹桥国际中央商务区发展条例	https://www.shrd.gov.cn/shrd/fggb/content/f68c5165-d9e5-469e-837a-592a656cf1f9.html
上海市推进长三角区域社会保障卡居民服务一卡通规定	https://www.shrd.gov.cn/shrd/fggb/content/ebbcf35a-f811-4911-80a1-c240e7502d18.html
上海市市容环境卫生管理条例	https://www.shrd.gov.cn/shrd/fggb/content/2ae46328-52ae-4122-a339-956a713a4e36.html
上海市机关运行保障条例	https://www.shrd.gov.cn/shrd/fggb/content/ff9195f4-4a9d-402b-a5c2-4cb572cf5103.html
上海市浦东新区推进住宅小区治理创新若干规定	https://www.shrd.gov.cn/shrd/fggb/content/a895038b-c138-4e68-97bf-4ad99cd0a354.html
上海市服务办好中国国际进口博览会条例	https://www.shrd.gov.cn/shrd/fggb/content/8c6194fc-68b0-405a-b5ba-165ce9df4a76.html
上海市促进人工智能产业发展条例	https://www.shrd.gov.cn/shrd/fggb/content/eb6e3ad4-a4b4-41e6-b53e-d72acadf3a0f.html
上海市人民代表大会常务委员会关于修改《上海市人民代表大会常务委员会议事规则》的决定	https://www.shrd.gov.cn/shrd/fggb/content/1a541d57-6a14-42bd-9991-0749e7c8d75d.html
上海市浦东新区文物艺术品交易若干规定	https://www.shrd.gov.cn/shrd/fggb/content/9a4531c6-0580-4852-9dee-9bdac56d3a3a.html
上海市消费者权益保护条例	https://www.shrd.gov.cn/shrd/fggb/content/970631c0-eb2d-4461-895f-fa09515bba96.html
上海市人民代表大会常务委员会关于加强经济工作监督的决定	https://www.shrd.gov.cn/shrd/fggb/content/55f1e26a-c578-4f99-915b-05d09b2a8429.html
上海市浦东新区化妆品产业创新发展若干规定	https://www.shrd.gov.cn/shrd/fggb/content/c8cbabb4-c704-4fd8-8f3a-9e28cfce2be0.html
上海市人民代表大会常务委员会关于修改《上海市环境保护条例》的决定	https://www.shrd.gov.cn/shrd/fggb/content/e488f807-7aee-4e16-b100-8be5d8343b09.html
上海市人民代表大会常务委员会关于进一步做好当前促进就业工作的决定	https://www.shrd.gov.cn/shrd/fggb/content/a0a587b2-4d1e-4365-8b56-b9b004042201.html
上海市人民代表大会常务委员会关于修改《上海市人民代表大会常务委员会任免国家机关工作人员条例》的决定	https://www.shrd.gov.cn/shrd/fggb/content/51b042b9-4f21-430c-8bbd-a587396069a3.html
上海市浦东新区推进市场准营承诺即入制改革若干规定	https://www.shrd.gov.cn/shrd/fggb/content/62c65247-4225-406a-ae14-e2c29111071f.html
上海市浦东新区绿色金融发展若干规定	https://www.shrd.gov.cn/shrd/fggb/content/d08e00f3-1149-4286-b996-d9dfb43c77bb.html
上海市红十字会条例	https://www.shrd.gov.cn/shrd/fggb/content/8cf07943-caf0-42dc-ab59-cd03dd9dcd3a.html
上海市公安机关警务辅助人员管理条例	https://www.shrd.gov.cn/shrd/fggb/content/66c25ae3-20f8-4e14-b70f-43c8fe51cae4.html
上海市人民代表大会常务委员会关于修改《上海市工会条例》的决定	https://www.shrd.gov.cn/shrd/fggb/content/5e11f889-8683-436c-8b84-4862142f39c5.html
上海市人民代表大会常务委员会关于进一步促进和保障城市运行“一网统管”建设的决定	https://www.shrd.gov.cn/shrd/fggb/content/e0d4d4dd-1994-467d-8783-1494bc1fb206.html
上海市浦东新区市场主体登记确认制若干规定	https://www.shrd.gov.cn/shrd/fggb/content/7585ced5-3184-4690-8c76-7ba4bbb557ec.html
上海市预防未成年人犯罪条例	https://www.shrd.gov.cn/shrd/fggb/content/49cefb79-9b15-4eb7-9451-c49f774fa496.html
中国（上海）自由贸易试验区临港新片区条例	https://www.shrd.gov.cn/shrd/fggb/content/ec900bc7-4a93-41ec-8665-53c11f0fe8a3.html
上海市未成年人保护条例	https://www.shrd.gov.cn/shrd/fggb/content/f46ec683-b22d-4d08-ae01-ccc653d62630.html
上海市航道条例	https://www.shrd.gov.cn/shrd/fggb/content/1fa310bc-3a2e-4889-b202-1b09316095da.html
上海市标准化条例	https://www.shrd.gov.cn/shrd/fggb/content/dd6eba64-57d2-4de7-8ef1-81a2c98a9e3f.html
上海市人民代表大会常务委员会关于促进和保障浦东新区改革开放再出发实现新时代高质量发展的决定	https://www.shrd.gov.cn/shrd/fggb/content/3bb35157-db75-4b69-b7d6-2fad25b7ed91.html
上海市中华鲟保护管理条例	https://www.shrd.gov.cn/shrd/fggb/content/03ffb4d7-5952-4441-8eff-ea31b74a7f60.html
上海市人民代表大会常务委员会关于修改本市部分地方性法规的决定	https://www.shrd.gov.cn/shrd/fggb/content/21b14873-5640-4f6c-9191-9dbf3c5006b0.html
上海市促进中小企业发展条例	https://www.shrd.gov.cn/shrd/fggb/content/31dabbb9-cf1f-4105-a612-4663bb944bf0.html
上海市人民代表大会常务委员会关于修改《上海市禁毒条例》的决定	https://www.shrd.gov.cn/shrd/fggb/content/1e16bb4e-0809-4e8a-838e-66fd284ca589.html
上海市科学技术普及条例	https://www.shrd.gov.cn/shrd/fggb/content/12598e0c-cd79-48d4-8632-e91fa5bd1467.html
上海市反间谍安全防范条例	https://www.shrd.gov.cn/shrd/fggb/content/d3114236-3bfd-4697-acfb-9c4b61953e39.html
上海市浦东新区促进张江生物医药产业创新高地建设规定	https://www.shrd.gov.cn/shrd/fggb/content/237f3ec8-93b5-4acd-a27b-0efcd1b76266.html
上海市区人民代表大会常务委员会街道工作委员会工作条例	https://www.shrd.gov.cn/shrd/fggb/content/3160243c-d6e4-4f43-8b1f-d674574ac183.html
上海市黄浦江苏州河滨水公共空间条例	https://www.shrd.gov.cn/shrd/fggb/content/4eeeef71-b692-4fa4-8bc3-6b1c69f57744.html
上海市浦东新区完善市场化法治化企业破产制度若干规定	https://www.shrd.gov.cn/shrd/fggb/content/0a2e7fb2-28b1-4d45-b5e7-5e1d4675e853.html
上海市数据条例	https://www.shrd.gov.cn/shrd/fggb/content/f4df1791-b85f-4310-8716-8d69d8abea61.html
上海市人民代表大会常务委员会关于修改《上海市献血条例》等4件地方性法规的决定	https://www.shrd.gov.cn/shrd/fggb/content/ff97ca43-96ca-4f97-8f62-100f0233cf72.html
上海市促进大型科学仪器设施共享规定	https://www.shrd.gov.cn/shrd/fggb/content/5c4facf1-23d1-4e65-bcea-a36a3c6961b2.html
上海市人民代表大会常务委员会关于修改《上海市人口与计划生育条例》的决定	https://www.shrd.gov.cn/shrd/fggb/content/6e43f6d4-4552-485e-be86-2784ab155e10.html
上海市档案条例	https://www.shrd.gov.cn/shrd/fggb/content/1d476e82-4d07-418d-a3e5-d722f088cac9.html
上海市安全生产条例	https://www.shrd.gov.cn/shrd/fggb/content/1b2f7bab-3ef9-4d86-95e3-77286517bbb0.html
上海市浦东新区建立高水平知识产权保护制度若干规定	https://www.shrd.gov.cn/shrd/fggb/content/b0663ddf-5c5e-4bad-8597-84f1e0052400.html
上海市浦东新区城市管理领域非现场执法规定	https://www.shrd.gov.cn/shrd/fggb/content/a140e968-8972-4cee-9d6b-80983f892ec2.html
上海市人民代表大会常务委员会关于修改本市部分地方性法规的决定	https://www.shrd.gov.cn/shrd/fggb/content/ee728d41-cdad-4714-9ea0-ce38c2523907.html
上海市浦东新区市场主体退出若干规定	https://www.shrd.gov.cn/shrd/fggb/content/132977bd-90a7-4418-a4c6-3704528d7c08.html
上海市浦东新区深化“一业一证”改革规定	https://www.shrd.gov.cn/shrd/fggb/content/6571d560-e499-4827-914b-b8e4c6ccd912.html
上海市预算审查监督条例	https://www.shrd.gov.cn/shrd/fggb/content/2e5c27d0-3f3d-45ab-843f-8a81c03081cc.html
上海市慈善条例	https://www.shrd.gov.cn/shrd/fggb/content/78da6a2c-0877-437e-ba90-670091d1a8e4.html
上海市水上搜寻救助条例	https://www.shrd.gov.cn/shrd/fggb/content/c13ea818-ee14-400d-aa05-d5bba70b6261.html
上海市人民代表大会常务委员会关于修改《上海市出版物发行管理条例》等3件地方性法规的决定	https://www.shrd.gov.cn/shrd/fggb/content/9a87daeb-cbe4-418c-aefc-cf970e15692f.html
上海市城市更新条例	https://www.shrd.gov.cn/shrd/fggb/content/d069bf5c-545e-463e-acdc-bbefbd79dc9f.html
关于开展"八五"法治宣传教育的决议	https://www.shrd.gov.cn/shrd/fggb/content/17706b2c-4824-4938-a853-93c8670dac39.html
上海市区和乡镇选举工作委员会公告	https://www.shrd.gov.cn/shrd/fggb/content/920bcdf3-d6a0-46d1-87eb-f812c6e088e8.html
上海市人民代表大会常务委员会 关于修改《上海市街道办事处条例》等2件地方性法规的决定	https://www.shrd.gov.cn/shrd/fggb/content/eef27175-515c-453d-ab81-3003adfa1c75.html
上海市人民建议征集若干规定	https://www.shrd.gov.cn/shrd/fggb/content/24150541-ad10-43e7-8207-432915396f17.html
上海市人民代表大会常务委员会关于进一步促进和保障“一网通办”改革的决定	https://www.shrd.gov.cn/shrd/fggb/content/c50d9458-f6ef-4ed3-8f2c-4b9f0affd2d7.html
上海市促进农业科技进步若干规定	https://www.shrd.gov.cn/shrd/fggb/content/06efd416-c334-4d01-87f6-3266e80b4799.html
上海市人民代表大会常务委员会关于修改〈上海市人民代表大会常务委员会规范性文件备案审查条例〉的决定	https://www.shrd.gov.cn/shrd/fggb/content/5a38a966-a43b-48b4-8978-f8a89253909d.html
上海市促进浦东新区保税维修业务发展若干规定	https://www.shrd.gov.cn/shrd/fggb/content/f59d62fd-ee5b-4ef3-ac35-230801394ddc.html
上海市促进浦东新区商事调解规定	https://www.shrd.gov.cn/shrd/fggb/content/fbadcfde-70a2-4e5c-9573-768d4ff2aece.html
上海市气象条例	https://www.shrd.gov.cn/shrd/fggb/content/5b73d08d-a169-49b7-ae05-34149c33f955.html
上海市绿色建筑条例	https://www.shrd.gov.cn/shrd/fggb/content/8934558c-2f26-45d0-8534-692fed072f0b.html
上海市人民代表大会常务委员会关于修改《上海市优化营商环境条例》的决定	https://www.shrd.gov.cn/shrd/fggb/content/0514fddd-a950-4c9c-b6fc-2d61fe315d44.html
上海市人民代表大会常务委员会关于修改《上海市妇女权益保障条例》等4件地方性法规的决定	https://www.shrd.gov.cn/shrd/fggb/content/af94d55d-5e76-4975-bc15-ab5f011e93af.html
上海市中小学校外实践教育促进规定	https://www.shrd.gov.cn/shrd/fggb/content/1b487b84-0561-437d-a846-d761b60dfd1d.html
上海市推进国际金融中心建设条例	https://www.shrd.gov.cn/shrd/fggb/content/3fbd82f0-9ac2-496a-9323-08610c660db1.html
上海市人民代表大会常务委员会关于修改《上海市殡葬管理条例》的决定	https://www.shrd.gov.cn/shrd/fggb/content/703c89d9-d045-4961-93c6-80809a219820.html
上海市科学技术进步条例	https://www.shrd.gov.cn/shrd/fggb/content/fe569e57-edf5-4698-aadd-6052e0417d3a.html
上海市人民代表大会常务委员会关于修改《上海市非机动车安全管理条例》的决定	https://www.shrd.gov.cn/shrd/fggb/content/aa625269-0254-4308-95af-ee049faf28d4.html
上海市促进长三角生态绿色一体化发展示范区高质量发展条例	https://www.shrd.gov.cn/shrd/fggb/content/55ea819a-735b-45a0-b98f-ab84724da368.html
上海市无废城市建设条例	https://www.shrd.gov.cn/shrd/fggb/content/ee87a7a9-44fb-4ed3-ac26-7a3e1e3ef911.html
上海市推进国际贸易中心建设条例	https://www.shrd.gov.cn/shrd/fggb/content/7529e95c-9090-4a83-b31b-e604d3904171.html
上海市人民代表大会常务委员会关于修改《上海市养老服务条例》等12件地方性法规和废止《上海市保护和发展邮电通信规定》等6件地方性法规的决定	https://www.shrd.gov.cn/shrd/fggb/content/6732d517-985c-4062-993f-11d6534e5a37.html
上海市人民代表大会常务委员会关于修改《上海市人民代表大会常务委员会关于区县和乡镇人民代表大会工作的若干规定》等5件地方性法规和废止《上海市预防职务犯罪工作若干规定》的决定	https://www.shrd.gov.cn/shrd/fggb/content/eca10da6-603c-4c25-b73b-6fff18fdd0ff.html
上海市发展方式绿色转型促进条例	https://www.shrd.gov.cn/shrd/fggb/content/53297686-a7e7-44a3-a913-aef23ebe929e.html
上海市人民代表大会常务委员会关于修改《上海市优化营商环境条例》的决定	https://www.shrd.gov.cn/shrd/fggb/content/a53f12a5-24d7-4bdb-bc84-2906a80015bc.html
上海市体育发展条例	https://www.shrd.gov.cn/shrd/fggb/content/8fc00f34-52f9-4ea2-84e4-e4112fd496e2.html
上海市实施《中华人民共和国土地管理法》办法	https://www.shrd.gov.cn/shrd/fggb/content/2c5595b4-2ca1-48c7-bff4-eaf3044be528.html
上海市推进国际商事仲裁中心建设条例	https://www.shrd.gov.cn/shrd/fggb/content/d5e0342a-43c6-42a5-82e8-4e0eaeccb92c.html
上海市人民代表大会常务委员会关于促进和保障“五个新城”建设的决定	https://www.shrd.gov.cn/shrd/fggb/content/23809c52-605c-4ae9-82a3-bfbd17c53129.html
上海市种子条例	https://www.shrd.gov.cn/shrd/fggb/content/0928f23c-83e1-4bd5-ad45-b8e11ca94a57.html
上海市爱国卫生与健康促进条例	https://www.shrd.gov.cn/shrd/fggb/content/98a1eee8-3f8b-45f8-9443-240fdb3bf6c3.html
上海市促进浦东新区标准化创新发展若干规定	https://www.shrd.gov.cn/shrd/fggb/content/075527d2-42b3-4046-a8a4-aa5a9ad5e731.html
上海市土壤污染防治条例	https://www.shrd.gov.cn/shrd/fggb/content/786d0bdb-4ee5-48dd-8ea5-832733684bf0.html
上海市促进浦东新区融资租赁发展若干规定	https://www.shrd.gov.cn/shrd/fggb/content/4b8c30c1-fe8f-4b05-839b-f92629a8b3f4.html
上海市健全浦东新区生态环境保护制度若干规定	https://www.shrd.gov.cn/shrd/fggb/content/0395d1aa-5173-4236-b2b0-a697d2e3ac80.html
上海市野生动物保护条例	https://www.shrd.gov.cn/shrd/fggb/content/b87c3287-7350-424f-889d-b6b4aa390f25.html
上海市制定地方性法规条例	https://www.shrd.gov.cn/shrd/fggb/content/e1391534-3236-46ec-a973-e0a9bba91b19.html
上海市就业促进条例	https://www.shrd.gov.cn/shrd/fggb/content/f75d3a3f-d832-4040-96dd-d3c7785f1cbd.html
上海市无障碍环境建设条例	https://www.shrd.gov.cn/shrd/fggb/content/814c6531-72e2-435f-8dd9-3406b0b47255.html
上海市浦东新区固体废物资源化再利用若干规定	https://www.shrd.gov.cn/shrd/fggb/content/1dfc080a-2e99-4300-979c-3ceda3b4eb8b.html
上海市船舶污染防治条例	https://www.shrd.gov.cn/shrd/fggb/content/41cca11a-b366-4523-bbf2-8f2246de3b5a.html
上海市住房租赁条例	https://www.shrd.gov.cn/shrd/fggb/content/6add24a6-14f1-4996-9f60-d542820a79cf.html
上海市学前教育与托育服务条例	https://www.shrd.gov.cn/shrd/fggb/content/a38afc9e-aa30-49fb-96cc-5cfa7157b4ec.html
上海市浦东新区促进无驾驶人智能网联汽车创新应用规定	https://www.shrd.gov.cn/shrd/fggb/content/d2b7510c-8845-4e66-ae04-f80e61e88031.html
上海市妇女权益保障条例	https://www.shrd.gov.cn/shrd/fggb/content/b9480a6a-3b7b-4383-9781-54563aa2f073.html
上海市动物防疫条例	https://www.shrd.gov.cn/shrd/fggb/content/fd96ad6e-25fc-48bb-98bb-103461c55db0.html
上海市浦东新区优化揭榜挂帅机制促进新型研发机构发展若干规定	https://www.shrd.gov.cn/shrd/fggb/content/7bc243a9-5212-4d3e-b713-316fd929835a.html
上海市人民代表大会常务委员会关于修改《上海市实施〈中华人民共和国全国人民代表大会和地方各级人民代表大会代表法〉办法》等3件地方性法规和废止《上海市授予荣誉市民称号规定》的决定	https://www.shrd.gov.cn/shrd/fggb/content/b4e44a7b-0855-4b6c-82c4-c2c8a1c1d3c3.html
上海市人民代表大会常务委员会关于修改《上海市公共场所控制吸烟条例》等5件地方性法规和废止《上海市企业名称登记管理规定》的决定	https://www.shrd.gov.cn/shrd/fggb/content/dd5260b1-0eaf-41bb-b539-55a5cb4533e1.html
上海市促进虹桥国际中央商务区发展条例	https://www.shrd.gov.cn/shrd/fggb/content/cd7b9786-0b25-4cb9-8719-899bd961814d.html
上海市推进长三角区域社会保障卡居民服务一卡通规定	https://www.shrd.gov.cn/shrd/fggb/content/c64921d4-b0cc-4296-81cc-2c675846869f.html
上海市市容环境卫生管理条例	https://www.shrd.gov.cn/shrd/fggb/content/0b619ca4-06f7-45ba-9e10-19eb90715bdf.html
上海市机关运行保障条例	https://www.shrd.gov.cn/shrd/fggb/content/40fe9742-df4d-4380-ac87-19ec1d65e384.html
上海市浦东新区推进住宅小区治理创新若干规定	https://www.shrd.gov.cn/shrd/fggb/content/e270932f-a8a5-4dfb-9731-f1a94021e3f5.html
上海市服务办好中国国际进口博览会条例	https://www.shrd.gov.cn/shrd/fggb/content/3a7ab50b-197b-4ace-a850-3984137c57e9.html
上海市促进人工智能产业发展条例	https://www.shrd.gov.cn/shrd/fggb/content/d616645c-fd5a-48ef-9bfe-48339415f94c.html
上海市人民代表大会常务委员会关于修改《上海市人民代表大会常务委员会议事规则》的决定	https://www.shrd.gov.cn/shrd/fggb/content/76fe4a0b-cd10-4c3a-af92-287ebb9b2762.html
上海市浦东新区文物艺术品交易若干规定	https://www.shrd.gov.cn/shrd/fggb/content/031c32fd-972b-401d-b188-05e586dbf8fb.html
上海市消费者权益保护条例	https://www.shrd.gov.cn/shrd/fggb/content/4cab9af1-6989-488e-aa1d-1cf80c1015d4.html
上海市中医药条例	https://www.shrd.gov.cn/shrd/fggb/content/e6094460-5063-48f0-b1b9-cd6d840ae284.html
上海市人民代表大会常务委员会关于修改《上海市区县和乡镇人民代表大会代表直接选举实施细则》的决定	https://www.shrd.gov.cn/shrd/fggb/content/0124a450-336f-40d6-9ba0-c1fac126f8cf.html
上海市人民代表大会常务委员会关于促进和保障长江流域禁捕工作若干问题的决定	https://www.shrd.gov.cn/shrd/fggb/content/914f5632-f8ea-4795-80c6-d48da88cce29.html
上海市人民代表大会常务委员会关于加强国有资产管理情况监督的决定	https://www.shrd.gov.cn/shrd/fggb/content/7eaa652c-973f-4c2c-81a9-21b41fbdf696.html
上海市红色资源传承弘扬和保护利用条例	https://www.shrd.gov.cn/shrd/fggb/content/d702ed59-be14-4703-a706-177f5751a5e0.html
上海市人民代表大会常务委员会规范性文件备案审查条例	https://www.shrd.gov.cn/shrd/fggb/content/479cc78d-e3e0-4a9a-b455-07b9e92a161a.html
上海市人民代表大会常务委员会关于加强浦东新区高水平改革开放法治保障制定浦东新区法规的决定	https://www.shrd.gov.cn/shrd/fggb/content/0ac071d1-c2e0-4e6f-9627-5a6c94c1f953.html
上海市人民代表大会常务委员会关于进一步促进和保障“一网通办”改革的决定	https://www.shrd.gov.cn/shrd/fggb/content/4455b2ef-194c-451a-9df2-1ed9d7a853b1.html
上海市人民建议征集若干规定	https://www.shrd.gov.cn/shrd/fggb/content/e95c938c-3eaa-4f4e-b663-ff4624a87b92.html
上海市人民代表大会常务委员会 关于修改《上海市街道办事处条例》等2件地方性法规的决定	https://www.shrd.gov.cn/shrd/fggb/content/23b469de-0ac2-419a-bd42-4c9a5f9722db.html
上海市区和乡镇选举工作委员会公告	https://www.shrd.gov.cn/shrd/fggb/content/37737222-d054-4503-8628-a3fbb7c688da.html
上海市城市更新条例	https://www.shrd.gov.cn/shrd/fggb/content/56767551-85f2-4e6f-b35c-991233b72512.html
上海市人民代表大会常务委员会关于修改《上海市出版物发行管理条例》等3件地方性法规的决定	https://www.shrd.gov.cn/shrd/fggb/content/313d1586-84a5-4e81-a92d-8acc2b26b3fe.html
上海市水上搜寻救助条例	https://www.shrd.gov.cn/shrd/fggb/content/9a7b5787-4759-4bf6-a3b3-1e8f1ce96fa4.html
上海市慈善条例	https://www.shrd.gov.cn/shrd/fggb/content/ef152052-32fd-431d-b3cf-5b568e773449.html
上海市预算审查监督条例	https://www.shrd.gov.cn/shrd/fggb/content/6d56c7bb-2cb0-4b0f-80eb-a52c1bb3a4fe.html
上海市浦东新区深化“一业一证”改革规定	https://www.shrd.gov.cn/shrd/fggb/content/1f8dab9b-0bdf-43e7-bac3-addb78285f22.html
上海市浦东新区市场主体退出若干规定	https://www.shrd.gov.cn/shrd/fggb/content/b140976c-34f2-4f62-89b1-07d672d16385.html
上海市人民代表大会常务委员会关于修改本市部分地方性法规的决定	https://www.shrd.gov.cn/shrd/fggb/content/b0535d5d-013b-4cea-82ba-941322d1ca87.html
上海市浦东新区城市管理领域非现场执法规定	https://www.shrd.gov.cn/shrd/fggb/content/7687ccad-358b-461c-a3ac-68d37713f3ae.html
上海市浦东新区建立高水平知识产权保护制度若干规定	https://www.shrd.gov.cn/shrd/fggb/content/4a74dc09-7062-418b-af3e-34712d3cf658.html
上海市安全生产条例	https://www.shrd.gov.cn/shrd/fggb/content/7e013233-b0d2-47ca-a1f5-48ae45f7f373.html
上海市档案条例	https://www.shrd.gov.cn/shrd/fggb/content/86157cde-d9c6-4211-8a99-9220691f30ef.html
上海市人民代表大会常务委员会关于修改《上海市人口与计划生育条例》的决定	https://www.shrd.gov.cn/shrd/fggb/content/81d45262-79d0-4a3e-a401-bc90709fdae9.html
上海市促进大型科学仪器设施共享规定	https://www.shrd.gov.cn/shrd/fggb/content/8c06f940-7d44-4900-ae5a-7684d360ee66.html
上海市数据条例	https://www.shrd.gov.cn/shrd/fggb/content/34d29254-44bf-4160-8c5e-21a20f7f5ab1.html
上海市浦东新区完善市场化法治化企业破产制度若干规定	https://www.shrd.gov.cn/shrd/fggb/content/bfa0c72e-2cae-4999-bf4e-1a6a9ccf95a0.html
上海市黄浦江苏州河滨水公共空间条例	https://www.shrd.gov.cn/shrd/fggb/content/5d20ec48-a773-4de9-8e4b-48dd6bd0c782.html
上海市区人民代表大会常务委员会街道工作委员会工作条例	https://www.shrd.gov.cn/shrd/fggb/content/5d8f8131-3dd1-43ec-80d6-b3ba89acf127.html
上海市浦东新区促进张江生物医药产业创新高地建设规定	https://www.shrd.gov.cn/shrd/fggb/content/a6dcd36a-3718-420e-a02e-47a6aece9c38.html
上海市反间谍安全防范条例	https://www.shrd.gov.cn/shrd/fggb/content/ed25ef8a-73ed-4eb8-b178-1b712c858d45.html
上海市科学技术普及条例	https://www.shrd.gov.cn/shrd/fggb/content/4f4ee53d-21c1-47df-aa8b-b43f9864cf0e.html
上海市人民代表大会常务委员会关于修改《上海市禁毒条例》的决定	https://www.shrd.gov.cn/shrd/fggb/content/4733fe35-e043-4375-8c51-db8ed865a019.html
上海市未成年人保护条例	https://www.shrd.gov.cn/shrd/fggb/content/dda75202-e40d-4446-92e1-d26a6048481b.html
中国（上海）自由贸易试验区临港新片区条例	https://www.shrd.gov.cn/shrd/fggb/content/f0972db2-d093-4359-8138-f0abdf10856f.html
上海市预防未成年人犯罪条例	https://www.shrd.gov.cn/shrd/fggb/content/938e862d-0149-4da8-abe4-a0c1e388c521.html
上海市浦东新区市场主体登记确认制若干规定	https://www.shrd.gov.cn/shrd/fggb/content/03b9643e-73c1-4412-ad1c-f1a525f48d45.html
上海市人民代表大会常务委员会关于进一步促进和保障城市运行“一网统管”建设的决定	https://www.shrd.gov.cn/shrd/fggb/content/d626ae01-d864-4a5b-a154-400c3df73294.html
上海市人民代表大会常务委员会关于修改《上海市工会条例》的决定	https://www.shrd.gov.cn/shrd/fggb/content/17325508-b7f6-4fb5-bde8-e6eddbe97b56.html
上海市公安机关警务辅助人员管理条例	https://www.shrd.gov.cn/shrd/fggb/content/7f4f36c1-586e-4fde-b762-44f36782917c.html
上海市红十字会条例	https://www.shrd.gov.cn/shrd/fggb/content/652a0152-2b30-45b5-9c67-1ef9e0f46f7d.html
上海市浦东新区绿色金融发展若干规定	https://www.shrd.gov.cn/shrd/fggb/content/a54eebaf-e447-4762-8400-5ab194fa0b17.html
上海市浦东新区推进市场准营承诺即入制改革若干规定	https://www.shrd.gov.cn/shrd/fggb/content/66d5e857-725b-4a5a-bba9-11d16f0bdf5b.html
上海市人民代表大会常务委员会关于修改《上海市人民代表大会常务委员会任免国家机关工作人员条例》的决定	https://www.shrd.gov.cn/shrd/fggb/content/0889f625-3cce-47ad-bb26-05f3653139fb.html
上海市人民代表大会常务委员会关于进一步做好当前促进就业工作的决定	https://www.shrd.gov.cn/shrd/fggb/content/3ba8ca28-33bb-4594-a6d5-d2eb6b25c4bf.html
上海市人民代表大会常务委员会关于修改《上海市环境保护条例》的决定	https://www.shrd.gov.cn/shrd/fggb/content/e4571aca-fe87-4b46-bd90-e9a1d70b42da.html
上海市浦东新区化妆品产业创新发展若干规定	https://www.shrd.gov.cn/shrd/fggb/content/f055298d-f74a-49dc-bfc7-aff2df5354fd.html
上海市人民代表大会常务委员会关于加强经济工作监督的决定	https://www.shrd.gov.cn/shrd/fggb/content/b4601ee0-7dce-4581-bf52-5486d208c554.html
上海市人民代表大会常务委员会关于促进和保障浦东新区改革开放再出发实现新时代高质量发展的决定	https://www.shrd.gov.cn/shrd/fggb/content/37b8c882-5320-4603-8b1c-6d4a0e98c237.html
上海市标准化条例	https://www.shrd.gov.cn/shrd/fggb/content/f8772693-b869-4b22-bd85-95c8505a573f.html
上海市航道条例	https://www.shrd.gov.cn/shrd/fggb/content/1a1dcd50-86af-4a91-bdcc-e2d3b660f4aa.html
上海市人民代表大会常务委员会关于修改《上海市历史文化风貌区和优秀历史建筑保护条例》的决定	https://www.shrd.gov.cn/shrd/fggb/content/77019833-54fe-49d8-a875-19da0512fcf5.html
上海市人民代表大会常务委员会关于修改《上海市志愿服务条例》的决定	https://www.shrd.gov.cn/shrd/fggb/content/735ae2a9-90f5-4788-923b-c386434b214d.html
上海市司法鉴定管理条例	https://www.shrd.gov.cn/shrd/fggb/content/6c784d75-5f86-4c28-9a6a-0f981b7516ee.html
上海市家政服务条例	https://www.shrd.gov.cn/shrd/fggb/content/da75d2b5-0c5d-43aa-9468-35b96501466a.html
上海市排水与污水处理条例	https://www.shrd.gov.cn/shrd/fggb/content/5671604e-51ca-4a45-a394-752df2066dc2.html
上海市推进科技创新中心建设条例	https://www.shrd.gov.cn/shrd/fggb/content/2f477ec2-76e7-4dee-919f-f9403be78c58.html
上海市人民代表大会常务委员会关于全力做好当前新型冠状病毒感染肺炎疫情防控工作的决定	https://www.shrd.gov.cn/shrd/fggb/content/34df9509-7c79-46c2-92e0-f07a6a47dcc0.html
上海市会展业条例	https://www.shrd.gov.cn/shrd/fggb/content/7fc628ca-0ddf-4fec-9533-a3a0ae70989c.html
上海市实施《中华人民共和国农民专业合作社法》办法	https://www.shrd.gov.cn/shrd/fggb/content/68d7cf09-e67a-4b6a-884f-6bd6757ec50e.html
上海市人民代表大会常务委员会关于修改《上海市消防条例》的决定	https://www.shrd.gov.cn/shrd/fggb/content/f0dde02b-468e-4729-a977-09e23d068bf9.html
上海市优化营商环境条例	https://www.shrd.gov.cn/shrd/fggb/content/19eca6b7-6d59-4e10-9439-ffa4f2306505.html
上海市地方金融监督管理条例	https://www.shrd.gov.cn/shrd/fggb/content/31b6d6d9-d984-43d2-8b33-b5e951c36200.html
上海市人民代表大会常务委员会关于废止 《上海市实施〈中华人民共和国野生动物保护法〉办法》的决定	https://www.shrd.gov.cn/shrd/fggb/content/cab6f566-ff0e-4c5d-82f1-bb03111f3372.html
上海市中华鲟保护管理条例	https://www.shrd.gov.cn/shrd/fggb/content/245c5d55-5ec3-4243-ba93-6f1caa447dd4.html
上海市人民代表大会常务委员会关于修改本市部分地方性法规的决定	https://www.shrd.gov.cn/shrd/fggb/content/4325f6ee-6f9b-4be0-bbc6-b6b509204845.html
上海市促进中小企业发展条例	https://www.shrd.gov.cn/shrd/fggb/content/96d4be90-97fe-4516-b328-8580e2532c81.html
上海市人民代表大会常务委员会关于加强检察公益诉讼工作的决定	https://www.shrd.gov.cn/shrd/fggb/content/a08ea47e-f7f9-423c-acb1-071e2a92f7a9.html
上海市人民代表大会常务委员会关于修改  《上海市村民委员会选举办法》的决定	https://www.shrd.gov.cn/shrd/fggb/content/2a281a2b-a37c-4157-9444-5468048ad097.html
关于促进和保障长三角生态绿色一体化发展示范区建设若干问题的决定	https://www.shrd.gov.cn/shrd/fggb/content/573b68b7-a7a2-4e68-9aa8-b948f8355554.html
上海市外商投资条例	https://www.shrd.gov.cn/shrd/fggb/content/4bf28aae-da15-4d1a-aacc-0c93b37e6c6f.html
上海市人民代表大会专门委员会工作条例	https://www.shrd.gov.cn/shrd/fggb/content/51ed1008-eaa9-45c3-8633-ffeab624afd0.html
上海市人民代表大会常务委员会关于修改《上海市公路管理条例》的决定	https://www.shrd.gov.cn/shrd/fggb/content/48b700f3-2705-48ac-9daa-25bc7258371a.html
上海市反不正当竞争条例	https://www.shrd.gov.cn/shrd/fggb/content/9aa8699b-7aca-4bb9-87c4-1f06c5fc11cb.html
上海市公共卫生应急管理条例	https://www.shrd.gov.cn/shrd/fggb/content/37dc4919-2483-4a30-a7e4-58f1f5bb32b7.html
上海市公共文化服务保障与促进条例	https://www.shrd.gov.cn/shrd/fggb/content/91e0e854-74d2-4d64-a1e4-fe30d3f9d0a9.html
上海市促进家庭农场发展条例	https://www.shrd.gov.cn/shrd/fggb/content/67308b41-3b65-4f3a-ad90-fb72f6391510.html
上海市不动产登记若干规定	https://www.shrd.gov.cn/shrd/fggb/content/2255cca8-2fcd-4b3f-b100-d7e797d557bd.html
上海市养老服务条例	https://www.shrd.gov.cn/shrd/fggb/content/920e88e8-d763-4ed6-bb1e-313694d43781.html
上海市知识产权保护条例	https://www.shrd.gov.cn/shrd/fggb/content/0272fc31-6f38-402a-9dec-ed38e02b3116.html
上海市铁路安全管理条例	https://www.shrd.gov.cn/shrd/fggb/content/92d7c6a7-97c1-42be-aada-e7edb28b6e1c.html
上海市人民代表大会常务委员会关于修改本市部分地方性法规的决定	https://www.shrd.gov.cn/shrd/fggb/content/de74426b-77b9-45eb-82eb-bc6ec37e7e13.html
上海市人民代表大会常务委员会关于废止《上海市机动车道路交通事故赔偿责任若干规定》的决定	https://www.shrd.gov.cn/shrd/fggb/content/182bbb25-ab87-4d92-8d50-2fb25cfc13f6.html
上海市非机动车安全管理条例	https://www.shrd.gov.cn/shrd/fggb/content/3f994bbf-bc52-4156-af56-8c89bf91bde9.html
上海市促进多元化解矛盾纠纷条例	https://www.shrd.gov.cn/shrd/fggb/content/d7e915e9-f44a-49ae-b200-0bcfa3d873f1.html
