标题	公布日期	施行日期	时效性	制定机关	bbbs
上海市促进浦东新区运用区块链赋能电子单证应用若干规定	2026-05-27	2026-06-01	有效	上海市人民代表大会常务委员会	ff8081819fad31e2019fc6c37a3663ea
上海市人民代表大会常务委员会关于促进青年发展型城市建设的决定	2026-05-27	2026-06-01	有效	上海市人民代表大会常务委员会	ff8081819fad4019019fc69bad446df3
上海市人民代表大会常务委员会关于修改《上海市促进浦东新区运用区块链赋能电子单证应用若干规定》的决定	2026-05-27	2026-06-01		上海市人民代表大会常务委员会	91b897fd97354830adeca192002d9c80
上海市促进长三角政务服务“一网通办”规定	2026-03-31	2026-05-01	有效	上海市人民代表大会常务委员会	ff8081819e48b44c019ed9feaca952ca
上海市节约能源条例	2026-03-31	2026-04-01	有效	上海市人民代表大会常务委员会	ff8081819e48b3aa019eee5e85d003cf
上海市终身教育促进条例	2026-03-31	2026-04-01	有效	上海市人民代表大会常务委员会	ff8081819e48b44c019eee6144950310
上海市浦东新区推进市场准营承诺即入制改革若干规定	2026-03-31	2026-04-01	有效	上海市人民代表大会常务委员会	ff8081819e48b44c019eee11ef467e14
上海市人民代表大会常务委员会关于修改《上海市浦东新区推进市场准营承诺即入制改革若干规定》等3件地方性法规的决定	2026-03-31	2026-04-01		上海市人民代表大会常务委员会	157b0529a4e8470e8c582288e58c3892
上海市历史文化名镇保护条例	2025-12-30	2026-03-01	有效	上海市人民代表大会常务委员会	ff8081819c46fcc5019cb17302bf5917
上海市促进邮轮经济发展若干规定	2025-12-30	2026-03-01	有效	上海市人民代表大会常务委员会	ff8081819c46fdc3019cb1674ef90919
上海市行业协会商会条例	2025-12-30	2026-02-01	有效	上海市人民代表大会常务委员会	ff8081819c46fdc3019cb175ab070f34
上海市浦东新区自贸离岸债业务发展若干规定	2025-12-30	2026-03-01	有效	上海市人民代表大会常务委员会	ff8081819c46fdc3019cb163d3850811
上海市燃气条例	2025-11-26	2026-02-25	有效	上海市人民代表大会常务委员会	ff8081819c46fdc3019c5169a45d4c94
上海市优化营商环境条例	2025-11-26	2026-01-01	有效	上海市人民代表大会常务委员会	ff8081819c46fcc5019c51574b614bc1
上海市食品安全条例	2025-11-26	2026-01-01	有效	上海市人民代表大会常务委员会	ff8081819c46fdc3019c516dfe294cb5
上海市单用途预付消费卡管理规定	2025-11-26	2026-01-01	有效	上海市人民代表大会常务委员会	ff8081819c46f9bb019c5166bf244e67
上海市特种行业和公共场所治安管理条例	2025-11-26	2026-01-01	有效	上海市人民代表大会常务委员会	ff8081819c46f9bb019c516119054e35
上海市各级人民代表大会常务委员会监督条例	2025-11-26	2025-12-01	有效	上海市人民代表大会常务委员会	ff8081819c46fcc5019c517332c04c82
上海市未成年人保护条例	2025-11-26	2025-11-27	有效	上海市人民代表大会常务委员会	ff8081819c46fcc5019c518eb28e4d7d
上海市出版物发行管理条例	2025-11-26	2025-11-27	有效	上海市人民代表大会常务委员会	ff8081819c46f9bb019c5183a2a94f3b
上海市市民体育健身条例	2025-11-26	2025-11-27	有效	上海市人民代表大会常务委员会	ff8081819c46fcc5019c518251134d01
上海市住房租赁条例	2025-11-26	2025-11-27	有效	上海市人民代表大会常务委员会	ff8081819c46fdc3019c51843f8b4d51
上海市少数民族权益保障条例	2025-11-26	2025-11-27	有效	上海市人民代表大会常务委员会	ff8081819c46fdc3019c51845cb04d59
上海市浦东新区建立高水平知识产权保护制度若干规定	2025-11-26	2025-11-27	有效	上海市人民代表大会常务委员会	ff8081819c46fcc5019c518ba7604d59
上海市人民代表大会常务委员会关于修改《上海市优化营商环境条例》的决定	2025-11-26	2026-01-01		上海市人民代表大会常务委员会	d438381d10f346cdbf6154864dec182c
上海市人民代表大会常务委员会关于修改《上海市食品安全条例》的决定	2025-11-26	2026-01-01		上海市人民代表大会常务委员会	f22be8f1c19b4b7a9261d3867ebbaec3
上海市人民代表大会常务委员会关于修改《上海市浦东新区建立高水平知识产权保护制度若干规定》等2件地方性法规的决定	2025-11-26	2025-11-27		上海市人民代表大会常务委员会	71c51f9b1234406aaa9edab8991d525c
上海市人民代表大会常务委员会关于修改《上海市浦东新区建立高水平知识产权保护制度若干规定》等2件地方性法规的决定	2025-11-26	2025-11-27		上海市人民代表大会常务委员会	fdd9fa1a53f2472ba2368af956a24e9b
上海市人民代表大会常务委员会关于修改《上海市市民体育健身条例》等4件地方性法规和废止《上海市酒类商品产销管理条例》的决定	2025-11-26	2025-11-27		上海市人民代表大会常务委员会	17c971f6d21c45fca648f84b5bd50169
上海市法律援助若干规定	2025-09-25	2025-12-01	有效	上海市人民代表大会常务委员会	ff8081819a7c996b019ac98468492e5a
上海市老年人权益保障条例	2025-09-25	2025-11-01	有效	上海市人民代表大会	ff8081819a7c98d2019ac9b311581750
上海市节约用水条例	2025-09-25	2025-11-01	有效	上海市人民代表大会常务委员会	ff8081819a7c97b2019ac9aebd101bea
上海市民营经济促进条例	2025-09-25	2025-10-20	有效	上海市人民代表大会常务委员会	ff8081819a7c98d2019ac95b531c141e
中国（上海）自由贸易试验区条例	2025-09-25	2025-09-29	有效	上海市人民代表大会常务委员会	ff8081819a7c996b019ac96123b02cad
上海市实施《中华人民共和国全国人民代表大会和地方各级人民代表大会代表法》办法	2025-09-25	2025-09-26	有效	上海市人民代表大会常务委员会	ff8081819a7c98d2019ac9c0c35217b9
上海市人民代表大会关于代表议案的规定	2025-09-25	2025-09-26	有效	上海市人民代表大会常务委员会	ff8081819a7c97b2019ac9c29eb31c82
上海市人民代表大会关于代表建议、批评和意见的规定	2025-09-25	2025-09-26	有效	上海市人民代表大会常务委员会	ff8081819a7c97b2019ac9c3259f1c87
上海市人民代表大会常务委员会关于修改《上海市老年人权益保障条例》的决定	2025-09-25	2025-11-01		上海市人民代表大会常务委员会	09db9029a7ce42f8bbee0392b94e8aa3
上海市人民代表大会常务委员会关于修改《上海市实施〈中华人民共和国全国人民代表大会和地方各级人民代表大会代表法〉办法》等3件地方性法规的决定	2025-09-25	2025-09-26		上海市人民代表大会常务委员会	52bb7be4d4a84989a7150d708d1588be
上海市粮食安全保障条例	2025-07-31	2025-09-01	有效	上海市人民代表大会常务委员会	ff808181999a5e270199e69d5d1e17d6
上海市人民代表大会常务委员会关于促进长三角科技创新协同发展的决定	2025-07-31	2025-09-01	有效	上海市人民代表大会常务委员会	ff8081819998eb470199e6ae80af1fe7
上海市人民代表大会常务委员会关于深入推进生态文明建设 打造美丽中国上海典范的决定	2025-07-31	2025-09-01	有效	上海市人民代表大会常务委员会	ff80818199e72d6e019a29d96e5a7847
上海市发展规划条例	2025-05-28	2025-07-01	有效	上海市人民代表大会常务委员会	ff80818199614e1101997a87f64e48ca
上海市地面沉降防治管理条例	2025-04-29	2025-04-30	有效	上海市人民代表大会常务委员会	ff80818199614c1a01997a7fa29b429f
上海市浦东新区促进张江生物医药产业创新高地建设规定	2025-04-29	2025-04-30	有效	上海市人民代表大会常务委员会	ff8081819951e18701995c47e69d4a3a
上海市人民代表大会常务委员会关于修改《上海市浦东新区促进张江生物医药产业创新高地建设规定》等2件地方性法规的决定	2025-04-29	2025-04-30		上海市人民代表大会常务委员会	80a490fea3c84938ac897098fd62dc3e
上海市浦东新区促进中国（上海）自由贸易试验区自由贸易账户业务发展若干规定	2025-03-27	2025-05-01	有效	上海市人民代表大会常务委员会	ff808181927f0e7b0196aed16ad06ea2
上海市药品和医疗器械管理条例	2024-12-31	2025-03-01	有效	上海市人民代表大会常务委员会	ff80818194a5cf2901954b2c646b587f
上海市医疗保障条例	2024-12-31	2025-03-01	有效	上海市人民代表大会常务委员会	ff808181927f0e7b01954b2e425f0808
上海市推进国际航运中心建设条例	2024-12-31	2025-02-01	有效	上海市人民代表大会常务委员会	ff808181927f127601954b29a07e771f
上海市合同格式条款监督条例	2024-12-31	2025-01-01	有效	上海市人民代表大会常务委员会	ff808181927f0e7b01955fdf3bfb74d2
上海市检验检测条例	2024-12-31	2025-01-01	有效	上海市人民代表大会常务委员会	ff80818194a5cf2901955fdc5f097a50
上海市社会救助条例	2024-12-31	2025-01-01	有效	上海市人民代表大会常务委员会	ff808181927f0e7b01955fc0738f62e9
上海市中小学校学生伤害事故处理条例	2024-12-31	2025-01-01	有效	上海市人民代表大会常务委员会	ff808181927f127601955fc30c7d2b24
上海市音像制品管理条例	2024-12-31	2025-01-01	有效	上海市人民代表大会常务委员会	ff808181927f127601955fbcf9ff2a14
上海市人民代表大会常务委员会主任会议议事规则	2024-12-31	2025-01-01	有效	上海市人民代表大会常务委员会	ff80818194a5cf2901955f2f17835a6b
上海市建设工程材料管理条例	2024-12-31	2025-01-01	有效	上海市人民代表大会常务委员会	ff808181927f127601955ff6e39c43b0
上海市公路管理条例	2024-12-31	2025-01-01	有效	上海市人民代表大会常务委员会	ff808181927f127601955fa519ff262a
上海市制定地方性法规条例	2024-12-31	2025-01-01	有效	上海市人民代表大会常务委员会	ff808181927f0e7b01955f2223e93f6e
上海市漕河泾新兴技术开发区条例	2024-12-31	2025-01-01	有效	上海市人民代表大会常务委员会	ff808181927f127601955fc907042cc9
上海市未成年人保护条例	2024-12-31	2025-01-01	已修改	上海市人民代表大会常务委员会	ff80818194a5cf2901955fc5870c7116
上海市浦东新区深化“一业一证”改革规定	2024-12-31	2025-01-01	有效	上海市人民代表大会常务委员会	ff80818194a5cf2901955f3283f45bc7
上海市促进浦东新区运用区块链赋能电子单证应用若干规定	2024-12-31	2025-01-01	已修改	上海市人民代表大会常务委员会	ff808181927f0e7b01954b30286f0838
上海市浦东新区促进张江生物医药产业创新高地建设规定	2024-12-31	2025-01-01	已修改	上海市人民代表大会常务委员会	ff808181927f0e7b01955fd990b06f69
上海市人民代表大会常务委员会关于修改《上海市制定地方性法规条例》等3件地方性法规的决定	2024-12-31	2025-01-01		上海市人民代表大会常务委员会	361443fb2b6547b181ecfe0913bb9e28
上海市公共图书馆条例	2024-11-28	2025-01-01	有效	上海市人民代表大会常务委员会	ff808181927f09310193f2d0494b4028
上海市促进农业科技进步若干规定	2024-11-28	2025-01-01	有效	上海市人民代表大会常务委员会	ff808181927f09310193f2d2f1d14037
上海市人民代表大会常务委员会规范性文件备案审查条例	2024-11-28	2024-12-01	有效	上海市人民代表大会常务委员会	ff808181927f0e7b0193f2d77a4a4fed
上海市促进浦东新区保税维修业务发展若干规定	2024-11-28	2025-01-01	有效	上海市人民代表大会常务委员会	ff808181927f0e7b0193f2cb1e184f6d
上海市推进浦东新区实施建筑师负责制若干规定	2024-11-28	2025-01-01	有效	上海市人民代表大会常务委员会	ff808181927f12760193f2ce7c9251ab
上海市促进浦东新区商事调解规定	2024-11-28	2024-12-01	有效	上海市人民代表大会常务委员会	ff808181927f12760193f2c84c995171
上海市人民代表大会常务委员会关于修改《上海市人民代表大会常务委员会规范性文件备案审查条例》的决定	2024-11-28	2024-12-01		上海市人民代表大会常务委员会	7d8b02ffdc5848fc87e92c239810b9c6
上海市绿色建筑条例	2024-09-27	2025-01-01	有效	上海市人民代表大会常务委员会	ff808181927f0e7b019318d454c439b3
上海市气象条例	2024-09-27	2024-11-01	有效	上海市人民代表大会常务委员会	ff808181927f0931019318f20e052871
上海市人民代表大会常务委员会关于加强新时代检察机关法律监督工作的决定	2024-09-27	2024-09-28	有效	上海市人民代表大会常务委员会	ff808181927f0931019319defb3d31b0
上海市促进长三角生态绿色一体化发展示范区高质量发展条例	2024-09-27	2024-09-28	有效	上海市人民代表大会常务委员会	ff808181927f0e7b019319e11cf840df
上海市妇女权益保障条例	2024-09-27	2024-09-28	有效	上海市人民代表大会常务委员会	ff808181927f12760193191026277cba
上海市实施《中华人民共和国义务教育法》办法	2024-09-27	2024-09-28	有效	上海市人民代表大会常务委员会	ff808181927f1276019319d6bfb2030d
上海市优化营商环境条例	2024-09-27	2024-11-01	已修改	上海市人民代表大会常务委员会	ff808181927f09310193192f357e2bcc
上海市人民代表大会常务委员会关于修改《上海市优化营商环境条例》的决定	2024-09-27	2024-11-01		上海市人民代表大会常务委员会	b3d53f12c65747e298da31c9d6236145
上海市人民代表大会常务委员会关于修改《上海市妇女权益保障条例》等4件地方性法规的决定	2024-09-27	2024-09-28		上海市人民代表大会常务委员会	d101cbf85d97453a85f29d1cce7bd1ac
上海市殡葬管理条例	2024-08-22	2024-11-01	有效	上海市人民代表大会常务委员会	ff80818192289187019275570a8e06a7
上海市推进国际金融中心建设条例	2024-08-22	2024-10-01	有效	上海市人民代表大会常务委员会	ff808181923a4d0c01927552348b44fd
上海市中小学校外实践教育促进规定	2024-08-22	2024-09-01	有效	上海市人民代表大会常务委员会	ff80818192289516019275498c0f6d2a
上海市人民代表大会常务委员会关于修改《上海市殡葬管理条例》的决定	2024-08-22	2024-11-01		上海市人民代表大会常务委员会	50bf9d312bc448c0abd383941d488774
上海市科学技术进步条例	2024-05-10	2024-06-01	有效	上海市人民代表大会常务委员会	ff8081818fe2c6ba018ff21429323081
上海市非机动车安全管理条例	2024-05-10	2024-06-01	有效	上海市人民代表大会常务委员会	ff8081818fe2c823018ff218bdad3dd4
上海市人民代表大会常务委员会关于修改《上海市非机动车安全管理条例》的决定	2024-05-10	2024-06-01		上海市人民代表大会常务委员会	0f0b138f1c2e43e1bfe5ab5e96c7873f
上海市促进长三角生态绿色一体化发展示范区高质量发展条例	2024-03-29	2024-05-01	已修改	上海市人民代表大会常务委员会	ff8081818e750aac018ef0c1393a2187
上海市无废城市建设条例	2024-03-27	2024-06-05	有效	上海市人民代表大会常务委员会	ff8081818e750883018ef0c5833659bf
上海市推进国际贸易中心建设条例	2023-12-28	2024-02-01	有效	上海市人民代表大会常务委员会	ff8081818d6d9371018d72003c7d088a
上海市发展方式绿色转型促进条例	2023-12-28	2024-01-01	有效	上海市人民代表大会常务委员会	ff8081818d6d9371018d732a18a61211
上海市罢免和补选各级人民代表大会代表程序的规定	2023-12-28	2023-12-28	有效	上海市人民代表大会常务委员会	ff8081818d736ac1018d784e8b281887
上海市人民代表大会常务委员会关于区和乡镇人民代表大会工作的若干规定	2023-12-28	2023-12-28	有效	上海市人民代表大会常务委员会	ff8081818d736e08018d784e528412d5
上海市养老服务条例	2023-12-28	2023-12-28	有效	上海市人民代表大会常务委员会	ff8081818def544c018dfa12238e7105
上海市促进家庭农场发展条例	2023-12-28	2023-12-28	有效	上海市人民代表大会常务委员会	ff8081818d736ac1018d78670c271a17
上海市安置帮教工作规定	2023-12-28	2023-12-28	有效	上海市人民代表大会常务委员会	ff8081818d736dae018d7866b5111666
上海市水资源管理若干规定	2023-12-28	2023-12-28	有效	上海市人民代表大会常务委员会	ff8081818d736e08018d7873bc9c1580
上海市商品包装物减量若干规定	2023-12-28	2023-12-28	有效	上海市人民代表大会常务委员会	ff8081818d736e08018d786bd28914b5
上海市新建住宅交付使用许可规定	2023-12-28	2023-12-28	有效	上海市人民代表大会常务委员会	ff8081818d736ac1018d786d36d81ab1
上海市历史风貌区和优秀历史建筑保护条例	2023-12-28	2023-12-28	有效	上海市人民代表大会常务委员会	ff8081818d736dae018d7874e89717b0
上海市人民代表大会常务委员会关于市人民政府制定规章设定行政处罚罚款限额的规定	2023-12-28	2023-12-28	有效	上海市人民代表大会常务委员会	ff8081818d736dae018d784f2026152d
上海市住宅物业管理规定	2023-12-28	2023-12-28	有效	上海市人民代表大会常务委员会	ff8081818d736dae018d786cda671707
上海市出租汽车管理条例	2023-12-28	2023-12-28	有效	上海市人民代表大会常务委员会	ff8081818d736dae018d78741f571793
上海市消防条例	2023-12-28	2023-12-28	有效	上海市人民代表大会常务委员会	ff8081818d736dae018d786659b61654
上海市建设工程质量和安全管理条例	2023-12-28	2023-12-28	有效	上海市人民代表大会常务委员会	ff8081818d736ac1018d786c32501a93
上海市城市管理综合行政执法条例	2023-12-28	2023-12-28	有效	上海市人民代表大会常务委员会	ff8081818d736ac1018d786c84951a9f
上海市酒类商品产销管理条例	2023-12-28	2023-12-28	尚未生效	上海市人民代表大会常务委员会	ff8081818d736ac1018d784f651d1899
上海市人民代表大会常务委员会关于加强新时代检察机关法律监督工作的决定	2023-12-28	2023-12-28	已修改	上海市人民代表大会常务委员会	ff8081818d736e08018d784ee0bf12e9
上海市人民代表大会常务委员会关于修改《上海市人民代表大会常务委员会关于区县和乡镇人民代表大会工作的若干规定》等5件地方性法规和废止《上海市预防职务犯罪工作若干规定》的决定	2023-12-28	2023-12-28		上海市人民代表大会常务委员会	be04d3c13bdc41c7bea9a5583d869544
上海市人民代表大会常务委员会关于修改《上海市养老服务条例》等12件地方性法规和废止《上海市保护和发展邮电通信规定》等6件地方性法规的决定	2023-12-28	2023-12-28		上海市人民代表大会常务委员会	79d9098a1d4d45938529b90315339fc3
上海市实施《中华人民共和国土地管理法》办法	2023-11-22	2024-01-01	有效	上海市人民代表大会常务委员会	ff8081818c24df58018ce8af0f104293
上海市体育发展条例	2023-11-22	2024-01-01	有效	上海市人民代表大会常务委员会	ff8081818c24da9e018cebe351d85720
上海市推进国际商事仲裁中心建设条例	2023-11-22	2023-12-01	有效	上海市人民代表大会常务委员会	ff8081818c24da9e018cebce82a75598
上海市优化营商环境条例	2023-11-22	2023-12-01	已修改	上海市人民代表大会常务委员会	ff8081818c24da9e018cebef1e8e57df
上海市人民代表大会常务委员会关于修改《上海市优化营商环境条例》的决定	2023-11-22	2023-12-01		上海市人民代表大会常务委员会	09cc1ae2ed744e82ac0a43dfb8aca13f
上海市人民代表大会常务委员会关于促进和保障“五个新城”建设的决定	2023-10-27	2023-10-28	有效	上海市人民代表大会常务委员会	ff8081818c24da9e018c4211c911730d
上海市种子条例	2023-09-26	2023-11-01	有效	上海市人民代表大会常务委员会	ff8081818d0c93b6018d16ad09ce3c8c
上海市爱国卫生与健康促进条例	2023-09-26	2023-11-01	有效	上海市人民代表大会常务委员会	ff8081818b6b5560018b6efc5f970f1b
上海市土壤污染防治条例	2023-07-25	2023-10-01	有效	上海市人民代表大会常务委员会	ff8081818b288414018b5a833ccc28e7
上海市促进浦东新区标准化创新发展若干规定	2023-07-25	2023-10-14	有效	上海市人民代表大会常务委员会	ff8081818b287dfc018b5a901f836ed6
上海市促进浦东新区融资租赁发展若干规定	2023-07-25	2023-10-01	有效	上海市人民代表大会常务委员会	ff8081818b288414018b5a9d226629c2
上海市野生动物保护条例	2023-06-20	2023-10-01	有效	上海市人民代表大会常务委员会	ff8081818a22132f018ab585f1a85581
上海市健全浦东新区生态环境保护制度若干规定	2023-06-20	2023-08-15	有效	上海市人民代表大会常务委员会	ff8081818a22132f018ab595b896563d
上海市制定地方性法规条例	2023-04-26	2023-05-01	已修改	上海市人民代表大会常务委员会	ff80818189b5c330018a17582f296a50
上海市人民代表大会常务委员会关于修改《上海市制定地方性法规条例》的决定	2023-04-26	2023-05-01		上海市人民代表大会常务委员会	fb114d034ae54477acee48f1411f47a7
上海市就业促进条例	2023-02-25	2023-03-01	有效	上海市人民代表大会常务委员会	ff808181889567210188b7ecc606067d
上海市无障碍环境建设条例	2023-01-15	2023-03-01	有效	上海市人民代表大会	ff80818187c29620018831f1c05d2633
上海市船舶污染防治条例	2022-12-21	2023-03-01	有效	上海市人民代表大会常务委员会	ff808181869cd6290186b59984df336a
上海市浦东新区固体废物资源化再利用若干规定	2022-12-21	2023-02-01	有效	上海市人民代表大会常务委员会	ff808181869cd8610186b5a6fcf41f29
上海市学前教育与托育服务条例	2022-11-23	2023-01-01	有效	上海市人民代表大会常务委员会	ff808181868d642201869789350503eb
上海市住房租赁条例	2022-11-23	2023-02-01	已修改	上海市人民代表大会常务委员会	ff808181868d64220186978c7b8304c1
上海市妇女权益保障条例	2022-11-23	2023-01-01	已修改	上海市人民代表大会常务委员会	ff808181868d680801869790104b683e
上海市浦东新区促进无驾驶人智能网联汽车创新应用规定	2022-11-23	2023-02-01	有效	上海市人民代表大会常务委员会	ff808181868d696401869793e018106a
上海市动物防疫条例	2022-10-28	2022-12-01	有效	上海市人民代表大会常务委员会	ff808181868d680801869264036f7d25
上海市促进虹桥国际中央商务区发展条例	2022-10-28	2022-11-01	有效	上海市人民代表大会常务委员会	ff808181868d68080186926061a27cd0
上海市建筑市场管理条例	2022-10-28	2022-10-28	有效	上海市人民代表大会常务委员会	ff808181868d696401869274dcfb081a
上海市河道管理条例	2022-10-28	2022-10-28	有效	上海市人民代表大会常务委员会	ff808181868d696401869273ef1907f1
上海市公共场所控制吸烟条例	2022-10-28	2022-10-28	有效	上海市人民代表大会常务委员会	ff808181868d680801869272ed1b7e85
上海市计量监督管理条例	2022-10-28	2022-10-28	有效	上海市人民代表大会常务委员会	ff808181868d6808018692768bf90004
上海市人民代表大会关于代表议案的规定	2022-10-28	2022-10-28	已修改	上海市人民代表大会常务委员会	ff808181868d68080186928558cb02b1
上海市住宅物业管理规定	2022-10-28	2022-10-28	已修改	上海市人民代表大会常务委员会	ff808181868d696401869275dcfb083c
上海市人民代表大会关于代表建议、批评和意见的规定	2022-10-28	2022-10-28	已修改	上海市人民代表大会常务委员会	ff808181868d642201869285fbd60c24
上海市实施《中华人民共和国全国人民代表大会和地方各级人民代表大会代表法》办法	2022-10-28	2022-10-28	已修改	上海市人民代表大会	ff808181868d6808018692841134029d
上海市浦东新区优化揭榜挂帅机制促进新型研发机构发展若干规定	2022-10-28	2022-12-01	有效	上海市人民代表大会常务委员会	ff808181868d69640186926980520658
上海市人民代表大会常务委员会关于修改《上海市公共场所控制吸烟条例》等5件地方性法规和废止《上海市企业名称登记管理规定》的决定	2022-10-28	2022-10-28		上海市人民代表大会常务委员会	6d1e4f9d4bf24930ab43479c99485719
上海市人民代表大会常务委员会关于修改《上海市实施〈中华人民共和国全国人民代表大会和地方各级人民代表大会代表法〉办法》等3件地方性法规和废止《上海市授予荣誉市民称号规定》的决定	2022-10-28	2022-10-28		上海市人民代表大会常务委员会	81c50db41ed14a099a01f65f329eedcb
上海市市容环境卫生管理条例	2022-09-22	2022-12-01	有效	上海市人民代表大会常务委员会	ff808181868d6964018692527b550143
上海市机关运行保障条例	2022-09-22	2022-11-01	有效	上海市人民代表大会常务委员会	ff808181868d64220186978bf7310490
上海市服务办好中国国际进口博览会条例	2022-09-22	2022-10-01	有效	上海市人民代表大会常务委员会	ff808181868d68080186979ed34d6c9f
上海市人民代表大会常务委员会议事规则	2022-09-22	2022-09-22	有效	上海市人民代表大会常务委员会	ff808181868d68080186979786606ba8
上海市浦东新区推进住宅小区治理创新若干规定	2022-09-22	2022-11-01	有效	上海市人民代表大会常务委员会	ff808181868d68080186978ef19567f2
上海市人民代表大会常务委员会关于修改《上海市人民代表大会常务委员会议事规则》的决定	2022-09-22	2022-09-22		上海市人民代表大会常务委员会	0de8ad9f7a09485e9da4544951a5c039
上海市乡村振兴促进条例	2022-08-27	2022-09-01	有效	上海市人民代表大会常务委员会	ff80818185c0be490185c447276a0f71
上海市浦东新区文物艺术品交易若干规定	2022-08-27	2022-10-01	有效	上海市人民代表大会常务委员会	ff80818185c0c24e0185c44b6b1c20ef
上海市环境保护条例	2022-07-21	2022-08-01	有效	上海市人民代表大会常务委员会	ff808181844230ec0184e0e08477363c
上海市消费者权益保护条例	2022-07-21	2022-08-01	有效	上海市人民代表大会常务委员会	ff808181844230ec0184e0d927f33617
上海市浦东新区化妆品产业创新发展若干规定	2022-07-21	2022-08-01	有效	上海市人民代表大会常务委员会	ff808181842c261c0184e0e672aa496d
上海市人民代表大会常务委员会关于加强经济工作监督的决定	2022-07-21	2022-08-01	有效	上海市人民代表大会常务委员会	ff808181844230ec0184e0e9ba293678
上海市人民代表大会常务委员会关于进一步做好当前促进就业工作的决定	2022-07-21	2022-07-21	有效	上海市人民代表大会常务委员会	ff808181844232f70184e0f891b50abd
上海市人民代表大会常务委员会关于修改《上海市环境保护条例》的决定	2022-07-21	2022-08-01		上海市人民代表大会常务委员会	467bd5c7205a4d0a913b2c2c1995503c
上海市公安机关警务辅助人员管理条例	2022-06-22	2022-08-01	有效	上海市人民代表大会常务委员会	ff808181842c261c0184e007d4bc477d
上海市红十字会条例	2022-06-22	2022-07-01	有效	上海市人民代表大会常务委员会	ff808181844232f70184e01a8758091c
上海市人民代表大会常务委员会任免国家机关工作人员条例	2022-06-22	2022-06-22	有效	上海市人民代表大会常务委员会	ff808181842c261c0184e04719544894
上海市浦东新区绿色金融发展若干规定	2022-06-22	2022-07-01	有效	上海市人民代表大会常务委员会	ff808181844230ec0184e025a7df34f8
上海市浦东新区推进市场准营承诺即入制改革若干规定	2022-06-22	2022-08-01	已修改	上海市人民代表大会常务委员会	ff808181844230ec0184e03dd9a8352a
上海市人民代表大会常务委员会关于修改《上海市人民代表大会常务委员会任免国家机关工作人员条例》的决定	2022-06-22	2022-06-22		上海市人民代表大会常务委员会	cc98e44ec7db4c588796ed48837010c6
上海市工会条例	2022-05-24	2022-06-01	有效	上海市人民代表大会常务委员会	ff808181842c261c0184a8bd2b8d7a6f
上海市人民代表大会常务委员会关于进一步促进和保障城市运行“一网统管”建设的决定	2022-05-24	2022-05-24	有效	上海市人民代表大会常务委员会	ff808181844230ec0184a278cb022cf9
上海市人民代表大会常务委员会关于加强新时代检察机关法律监督工作的决定	2022-05-24	2022-06-01	已修改	上海市人民代表大会常务委员会	ff808181842c261c0184a8b5ae977a50
上海市人民代表大会常务委员会关于修改《上海市工会条例》的决定	2022-05-24	2022-06-01		上海市人民代表大会常务委员会	a5d97e91fe934ca3be26f6ea6d36e49c
上海市科学技术普及条例	2022-02-18	2022-03-01	有效	上海市人民代表大会常务委员会	ff8081818364d9030183edbc027831bc
上海市禁毒条例	2022-02-18	2022-03-01	有效	上海市人民代表大会常务委员会	ff8081818364d9030183ea86403c2e00
上海市预防未成年人犯罪条例	2022-02-18	2022-03-01	有效	上海市人民代表大会常务委员会	ff8081818364da140184079108763296
中国（上海）自由贸易试验区临港新片区条例	2022-02-18	2022-03-01	有效	上海市人民代表大会常务委员会	ff8081818364d9f60183ea8e7a7e1b7b
上海市未成年人保护条例	2022-02-18	2022-03-01	已修改	上海市人民代表大会常务委员会	ff8081818364d9030183edbea6d831de
上海市浦东新区市场主体登记确认制若干规定	2022-02-18	2022-03-15	有效	上海市人民代表大会常务委员会	ff8081818364d9f601840795c45064dd
上海市人民代表大会常务委员会关于修改《上海市禁毒条例》的决定	2022-02-18	2022-03-01		上海市人民代表大会常务委员会	0091d79459a44d4f9f6661f0cd2adf71
上海市人民代表大会议事规则	2022-01-23	2022-01-23	有效	上海市人民代表大会	ff8081818364d9030183d53125c1236e
上海市人民代表大会关于修改《上海市人民代表大会议事规则》的决定	2022-01-23	2022-01-23		上海市人民代表大会	df49067cb03d44f0a46d5114ef260039
上海市区人民代表大会常务委员会街道工作委员会工作条例	2021-12-29	2022-01-01	有效	上海市人民代表大会常务委员会	ff8081817f420ac8017f4fa5883415dc
上海市反间谍安全防范条例	2021-12-29	2022-01-01	有效	上海市人民代表大会常务委员会	ff8081817f3b9178017f4f99f6d00a19
上海市浦东新区促进张江生物医药产业创新高地建设规定	2021-12-29	2022-01-01	已修改	上海市人民代表大会常务委员会	ff8081817f3b9178017f4fa032e40c42
上海市黄浦江苏州河滨水公共空间条例	2021-11-25	2022-01-01	有效	上海市人民代表大会常务委员会	ff8081817f420ac8017f4f6f8c5703a5
上海市数据条例	2021-11-25	2022-01-01	有效	上海市人民代表大会常务委员会	ff8081817f420ac8017f4f79964d067d
上海市实施《中华人民共和国残疾人保障法》办法	2021-11-25	2021-12-01	有效	上海市人民代表大会常务委员会	ff8081817f3b9178017f5425f1cb205e
上海市献血条例	2021-11-25	2021-12-01	有效	上海市人民代表大会常务委员会	ff8081817f420ac8017f541bbcdc55fc
上海市促进大型科学仪器设施共享规定	2021-11-25	2021-12-01	有效	上海市人民代表大会常务委员会	ff8081817f3b2e8d017f4f84ed113012
上海市防汛条例	2021-11-25	2021-12-01	有效	上海市人民代表大会常务委员会	ff8081817f3b9178017f543337602b05
上海市人口与计划生育条例	2021-11-25	2021-11-25	有效	上海市人民代表大会常务委员会	ff8081817f3b9178017f4f90542e04f4
上海市环境保护条例	2021-11-25	2021-12-01	已修改	上海市人民代表大会常务委员会	ff8081817f3b9178017f542dacee26e7
上海市浦东新区完善市场化法治化企业破产制度若干规定	2021-11-25	2022-01-01	有效	上海市人民代表大会常务委员会	ff8081817f3b2e8d017f4f8a4e4a3213
上海市人民代表大会常务委员会关于修改《上海市献血条例》等4件地方性法规的决定	2021-11-25	2021-12-01		上海市人民代表大会常务委员会	ff8081817f9062c8017f966102250716
上海市人民代表大会常务委员会关于修改《上海市人口与计划生育条例》的决定	2021-11-25	2021-11-25		上海市人民代表大会常务委员会	ff808181835fb1140183e5609fcc3fbd
上海市档案条例	2021-10-28	2021-12-01	有效	上海市人民代表大会常务委员会	ff8081817f3b9178017f4a200f0c235d
上海市实施《中华人民共和国反恐怖主义法》办法	2021-10-28	2021-12-01	有效	上海市人民代表大会常务委员会	ff8081817f420ac8017f49fff84047ec
上海市安全生产条例	2021-10-28	2021-12-01	有效	上海市人民代表大会常务委员会	ff8081817f3b9178017f4d7f6cfd1801
上海市饮用水水源保护条例	2021-10-28	2021-11-01	有效	上海市人民代表大会常务委员会	ff8081817f3b2e8d017f4f5167092407
上海市供水管理条例	2021-10-28	2021-11-01	有效	上海市人民代表大会常务委员会	ff8081817f420ac8017f4f61691001f0
上海市河道管理条例	2021-10-28	2021-11-01	已修改	上海市人民代表大会常务委员会	ff8081817f3b9178017f4f5a3cbb754d
上海市新建住宅交付使用许可规定	2021-10-28	2021-11-01	已修改	上海市人民代表大会常务委员会	ff8081817f420ac8017f4f67a4f90295
上海市优化营商环境条例	2021-10-28	2021-10-28	已修改	上海市人民代表大会常务委员会	ff808181842c261c0184409d92d13490
上海市浦东新区城市管理领域非现场执法规定	2021-10-28	2021-12-01	有效	上海市人民代表大会常务委员会	ff8081817f420ac8017f4f3aea5f7803
上海市浦东新区建立高水平知识产权保护制度若干规定	2021-10-28	2021-12-01	已修改	上海市人民代表大会常务委员会	ff8081817f420ac8017f4f32336572cd
上海市人民代表大会常务委员会关于修改本市部分地方性法规的决定	2021-10-28	2021-11-01		上海市人民代表大会常务委员会	ff8081818459fb0c018464b2c5780c0e
上海市人民代表大会常务委员会关于修改《上海市优化营商环境条例》的决定	2021-10-28	2021-10-28		上海市人民代表大会常务委员会	eacfde77253943fdab0de39e41057d4a
上海市慈善条例	2021-09-28	2021-11-01	有效	上海市人民代表大会常务委员会	ff8081817e00906b017e29b7de6d6605
上海市水上搜寻救助条例	2021-09-28	2021-10-01	有效	上海市人民代表大会常务委员会	ff8081817e00906b017e29b28c7c65d9
上海市预算审查监督条例	2021-09-28	2021-09-28	有效	上海市人民代表大会常务委员会	ff8081817e008c43017e29bcda96638b
上海市浦东新区市场主体退出若干规定	2021-09-28	2021-11-01	有效	上海市人民代表大会常务委员会	ff8081817e00906b017e29cb49eb667f
上海市浦东新区深化“一业一证”改革规定	2021-09-28	2021-10-01	已修改	上海市人民代表大会常务委员会	ff8081817e008eb5017e29c0d279666e
上海市轨道交通管理条例	2021-08-25	2021-09-01	有效	上海市人民代表大会常务委员会	ff8081817d283644017d4644457963b5
上海市城市更新条例	2021-08-25	2021-09-01	有效	上海市人民代表大会常务委员会	ff8081817d283474017d462f72586932
上海市音像制品管理条例	2021-08-25	2021-09-01	已修改	上海市人民代表大会常务委员会	ff8081817d2837d2017d46410968725f
上海市出版物发行管理条例	2021-08-25	2021-09-01	已修改	上海市人民代表大会常务委员会	ff8081817d2837d2017d46381963722b
上海市人民代表大会常务委员会关于修改《上海市出版物发行管理条例》等3件地方性法规的决定	2021-08-25	2021-09-01		上海市人民代表大会常务委员会	ff8081817d5f7f94017d7e281d151564
上海市街道办事处条例	2021-07-29	2021-08-01	有效	上海市人民代表大会常务委员会	ff808181842c283a018432989d0819d8
上海市城市管理综合行政执法条例	2021-07-29	2021-08-01	已修改	上海市人民代表大会常务委员会	ff8081818e750bc6018ee644b5883cb4
上海市人民代表大会常务委员会关于修改《上海市街道办事处条例》等２件地方性法规的决定	2021-07-29	2021-08-01		上海市人民代表大会常务委员会	9eae82f5cca34d7abf1f4f6c0bb5bff3
上海市人民代表大会常务委员会关于修改《上海市街道办事处条例》等2件地方性法规的决定	2021-07-29	2021-08-01		上海市人民代表大会常务委员会	e8916d4d6145450d9a84e69c2b92e85c
上海市人民建议征集若干规定	2021-06-23	2021-07-01	有效	上海市人民代表大会常务委员会	ff8081817d99878a017dbd9f82ac6129
上海市人民代表大会常务委员会关于进一步促进和保障“一网通办”改革的决定	2021-06-23	2021-07-01	有效	上海市人民代表大会常务委员会	ff8081817db1b755017dbd8fd17d216e
上海市人民代表大会常务委员会关于加强浦东新区高水平改革开放法治保障制定浦东新区法规的决定	2021-06-23	2021-06-23	有效	上海市人民代表大会常务委员会	ff8081817d99878a017dbd869aa560f8
上海市红色资源传承弘扬和保护利用条例	2021-05-21	2021-07-01	有效	上海市人民代表大会常务委员会	ff8081817d283474017d45c38b8d6874
上海市人民代表大会常务委员会规范性文件备案审查条例	2021-05-21	2021-07-01	已修改	上海市人民代表大会常务委员会	ff8081817d9e2664017dbd568fcc5464
上海市人民代表大会常务委员会关于加强国有资产管理情况监督的决定	2021-05-21	2021-05-21	有效	上海市人民代表大会常务委员会	ff8081817db1b755017dbd7cfed72133
上海市中医药条例	2021-03-24	2021-05-01	有效	上海市人民代表大会常务委员会	ff8081817b39cfd9017b4d1cc7ba11b0
上海市区和乡镇人民代表大会代表直接选举实施细则	2021-03-24	2021-04-01	有效	上海市人民代表大会常务委员会	ff8081817c63656c017c78b05bc75e9e
上海市人民代表大会常务委员会关于修改《上海市区县和乡镇人民代表大会代表直接选举实施细则》的决定	2021-03-24	2021-04-01		上海市人民代表大会常务委员会	ff8081817be7bfc9017c82d788ec76d0
上海市促进多元化解矛盾纠纷条例	2021-02-26	2021-05-01	有效	上海市人民代表大会常务委员会	ff8081817b39d32a017b4d00d84711cc
上海市非机动车安全管理条例	2021-02-26	2021-05-01	已修改	上海市人民代表大会常务委员会	ff8081817b39cfd9017b4cec109c10b2
上海市人民代表大会常务委员会关于促进和保障长江流域禁捕工作若干问题的决定	2021-02-26	2021-04-01	有效	上海市人民代表大会常务委员会	ff8081817b39cfd9017b4d139d0f1171
上海市铁路安全管理条例	2020-12-30	2021-03-01	有效	上海市人民代表大会常务委员会	ff8081817a333243017a37b34e3f0583
上海市知识产权保护条例	2020-12-30	2021-03-01	有效	上海市人民代表大会常务委员会	ff8081817a2e2abe017a31a290d60543
上海市地下空间规划建设条例	2020-12-30	2021-01-01	有效	上海市人民代表大会常务委员会	ff8081817a332fe2017a38820c0108ba
上海市农村集体资产监督管理条例	2020-12-30	2021-01-01	有效	上海市人民代表大会常务委员会	ff8081817a332fe2017a388a63a308e1
上海市技术市场条例	2020-12-30	2021-01-01	有效	上海市人民代表大会常务委员会	ff8081817a332fe2017a38157edb075b
上海市遗体捐献条例	2020-12-30	2021-01-01	有效	上海市人民代表大会常务委员会	ff8081817a33336d017a3808c7b707e3
上海市养老服务条例	2020-12-30	2021-03-20	已修改	上海市人民代表大会常务委员会	ff808081729c65d801729cf3532902e8
上海市合同格式条款监督条例	2020-12-30	2021-01-01	已修改	上海市人民代表大会常务委员会	ff8081819c46fcc5019cad6c442f25bf
上海市建筑市场管理条例	2020-12-30	2021-01-01	已修改	上海市人民代表大会常务委员会	ff8081817a332fe2017a3863ccfe086f
上海市建设工程质量和安全管理条例	2020-12-30	2021-01-01	已修改	上海市人民代表大会常务委员会	ff8081817a333243017a387b3b090870
上海市住宅物业管理规定	2020-12-30	2021-01-01	已修改	上海市人民代表大会常务委员会	ff8081817a333243017a3843af7607be
上海市人民代表大会常务委员会关于修改本市部分地方性法规的决定	2020-12-30	2021-01-01		上海市人民代表大会常务委员会	ae33f069b3d540fda0035f55cce1e853
上海市人民代表大会常务委员会关于废止《上海市机动车道路交通事故赔偿责任若干规定》的决定	2020-12-30	2021-01-01		上海市人民代表大会常务委员会	ff8081817a9d9766017a9df7136200ad
上海市不动产登记若干规定	2020-11-27	2021-03-01	有效	上海市人民代表大会	ff80808177e75f88017887c31fbc3c10
上海市促进家庭农场发展条例	2020-11-27	2021-01-01	已修改	上海市人民代表大会常务委员会	ff8081818d736e08018d789697a71835
上海市公共文化服务保障与促进条例	2020-10-27	2021-01-01	有效	上海市人民代表大会常务委员会	ff808081777d07c50177b838f2662b8a
上海市公共卫生应急管理条例	2020-10-27	2020-11-01	有效	上海市人民代表大会常务委员会	ff808081777d07c50177b82fb97b2b34
上海市外商投资条例	2020-09-25	2020-11-01	有效	上海市人民代表大会常务委员会	ff808081777d07c5017786222d950e13
上海市村民委员会选举办法	2020-09-25	2020-10-01	有效	上海市人民代表大会常务委员会	ff8081817be907d8017bee36c4b2076a
上海市人民代表大会专门委员会工作条例	2020-09-25	2020-10-01	有效	上海市人民代表大会常务委员会	ff808081777d07c5017789f7da8f117b
上海市公路管理条例	2020-09-25	2020-10-01	已修改	上海市人民代表大会常务委员会	ff808081777d07c50177b3dfd88725c4
上海市人民代表大会常务委员会关于促进和保障长三角生态绿色一体化发展示范区建设若干问题的决定	2020-09-25	2020-10-01	尚未生效	上海市人民代表大会常务委员会	ff808081777d0c9401778610fc550d42
上海市人民代表大会常务委员会关于修改《上海市村民委员会选举办法》的决定	2020-09-25	2020-10-01		上海市人民代表大会常务委员会	ff8081817be7bfc9017c82c3cb1e76a5
上海市中华鲟保护管理条例	2020-05-14	2020-06-06	有效	上海市人民代表大会常务委员会	ff808081736ba74201739dada33e1847
上海市急救医疗服务条例	2020-05-14	2020-05-15	有效	上海市人民代表大会常务委员会	ff808081736bb19d0173e6bbc7bc367a
上海市实施《中华人民共和国村民委员会组织法》办法	2020-05-14	2020-05-15	有效	上海市人民代表大会常务委员会	ff808081736ba7420173e71b9e903742
上海市旅游条例	2020-05-14	2020-05-15	有效	上海市人民代表大会常务委员会	ff808081736bb19d0173e70dc14a3733
上海市商品交易市场管理条例	2020-05-14	2020-05-15	有效	上海市人民代表大会常务委员会	ff808081736ba7420173e70fc5af36d8
上海市教育督导条例	2020-05-14	2020-05-15	有效	上海市人民代表大会常务委员会	ff808081736ba7420173e723cb4f377c
上海口岸服务条例	2020-05-14	2020-05-15	有效	上海市人民代表大会常务委员会	ff808081736bb19d0173e715700b375e
上海市居民委员会工作条例	2020-05-14	2020-05-15	有效	上海市人民代表大会常务委员会	ff808081736bb19d0173e72237ae379b
上海市道路运输管理条例	2020-05-14	2020-05-15	有效	上海市人民代表大会常务委员会	ff808081736bb19d0173e6ca9016369f
上海市公共汽车和电车客运管理条例	2020-05-14	2020-05-15	有效	上海市人民代表大会常务委员会	ff808081736ba7420173e6cc44b63647
上海市轨道交通管理条例	2020-05-14	2020-05-15	已修改	上海市人民代表大会常务委员会	ff808081736ba7420173e7019e283680
上海市法律援助若干规定	2020-05-14	2020-05-15	已修改	上海市人民代表大会常务委员会	ff808081736ba7420173e71826933724
上海市地方金融监督管理条例	2020-04-10	2020-07-01	有效	上海市人民代表大会常务委员会	ff808081736bb19d01739da7ab0c1862
上海市优化营商环境条例	2020-04-10	2020-04-10	已修改	上海市人民代表大会常务委员会	ff808081729c65d801729cfb7271033e
上海市会展业条例	2020-03-19	2020-05-01	有效	上海市人民代表大会常务委员会	ff8080817282cc930172987dd90c1556
上海市实施《中华人民共和国农民专业合作社法》办法	2020-03-19	2020-05-01	有效	上海市人民代表大会常务委员会	ff8080817282cc9301729bdd467c180f
上海市消防条例	2020-03-19	2020-05-01	已修改	上海市人民代表大会常务委员会	ff8080817282cc9301729c3fd1c01c7e
上海市人民代表大会常务委员会关于全力做好当前新型冠状病毒感染肺炎疫情防控工作的决定	2020-02-07	2020-02-07	有效	上海市人民代表大会常务委员会	ff80808171e9e18101727e6352ce0084
上海市推进科技创新中心建设条例	2020-01-20	2020-05-01	有效	上海市人民代表大会	ff80808171e9e18101727e2e7c047dd7
上海市排水与污水处理条例	2019-12-19	2020-05-01	有效	上海市人民代表大会常务委员会	ff8080816fbc57c1017051fc91cd6140
上海市司法鉴定管理条例	2019-12-19	2020-05-01	有效	上海市人民代表大会常务委员会	ff8080816fbc57c1017051e1326660b9
上海市家政服务条例	2019-12-19	2020-05-01	有效	上海市人民代表大会常务委员会	ff8080816fbc57c1017051f884766103
上海市志愿服务条例	2019-11-15	2020-01-01	有效	上海市人民代表大会常务委员会	ff8080816fbc57c101703717e8ff4f20
上海市航道条例	2019-09-26	2020-01-01	有效	上海市人民代表大会常务委员会	ff8080816ecb2302016eceeebc1e0cd5
上海市历史风貌区和优秀历史建筑保护条例	2019-09-26	2020-01-01	已修改	上海市人民代表大会常务委员会	ff8080816ecb2302016eced6b8f409f1
上海市标准化条例	2019-07-25	2019-10-01	有效	上海市人民代表大会常务委员会	2c90e5b96c128b4c016d67162b322b84
上海市人民代表大会常务委员会关于促进和保障浦东新区改革开放再出发实现新时代高质量发展的决定	2019-07-25	2019-07-26	有效	上海市人民代表大会常务委员会	2c90e5ba6a291d8f016d6713c8e86041
上海市人民代表大会常务委员会关于贯彻实施《中华人民共和国外商投资法》若干问题的决定	2019-05-23	2020-01-01	有效	上海市人民代表大会常务委员会	2c90e5bb6a291f86016be43bf2da32ef
上海市生活垃圾管理条例	2019-01-31	2019-07-01	有效	上海市人民代表大会	2c90e5bb692e81550169b27b26176aeb
上海市实施《中华人民共和国防震减灾法》办法	2018-12-20	2019-01-01	有效	上海市人民代表大会常务委员会	ff8080816eb1afb8016ebb0fb68d7710
上海市大气污染防治条例	2018-12-20	2019-01-01	有效	上海市人民代表大会常务委员会	2c90e5b9692e825301698f9331bb6738
上海市城乡规划条例	2018-12-20	2019-01-01	有效	上海市人民代表大会常务委员会	ff8080816eb1afb8016eba34b9056295
上海市民防条例	2018-12-20	2019-01-01	有效	上海市人民代表大会常务委员会	ff8080816eb1afb8016ebb0a2b9d7551
上海市绿化条例	2018-12-20	2019-01-01	有效	上海市人民代表大会常务委员会	ff8080816eb1afb8016ebaff568f7381
上海市水产养殖保护规定	2018-12-20	2019-01-01	有效	上海市人民代表大会常务委员会	ff8080816eb1afb8016ebfe51e136127
上海市建筑市场管理条例	2018-12-20	2019-01-01	已修改	上海市人民代表大会常务委员会	ff8080816eb1afb8016ebaf593db723a
上海市实施《中华人民共和国土地管理法》办法	2018-12-20	2019-01-01	已修改	上海市人民代表大会常务委员会	ff8080816eb1afb8016ebfdfce605f89
上海市环境保护条例	2018-12-20	2019-01-01	已修改	上海市人民代表大会常务委员会	ff8080816eb1afb8016ebfcdf59f5b8c
上海市河道管理条例	2018-12-20	2019-01-01	已修改	上海市人民代表大会常务委员会	ff8080816eb1afb8016ebaed1f4770f2
上海市饮用水水源保护条例	2018-12-20	2019-01-01	已修改	上海市人民代表大会常务委员会	ff8080816eb1afb8016ebfd7985b5e39
上海市供水管理条例	2018-12-20	2019-01-01	已修改	上海市人民代表大会常务委员会	ff8080816eb1afb8016eba530c6264f4
上海市轨道交通管理条例	2018-12-20	2019-01-01	已修改	上海市人民代表大会常务委员会	ff8080816eb1afb8016ebadbc9556ddb
上海市市容环境卫生管理条例	2018-12-20	2019-01-01	已修改	上海市人民代表大会常务委员会	ff8080816eb1afb8016ebb1677fe7871
上海市宗教事务条例	2018-11-22	2019-03-01	有效	上海市人民代表大会常务委员会	2c90e5bb688822730168db83708d0cda
上海市职业教育条例	2018-11-22	2019-03-01	有效	上海市人民代表大会常务委员会	2c90e5bb688822730168db6c95980c74
上海市人民代表大会常务委员会关于支持和保障长三角地区更高质量一体化发展的决定	2018-11-22	2019-01-01	有效	上海市人民代表大会常务委员会	2c90e5b9688824190169039ce23014aa
上海市人民代表大会常务委员会关于本市机构改革涉及地方性法规规定的行政机关职责调整问题的决定	2018-11-22	2018-11-23	有效	上海市人民代表大会常务委员会	2c90e5bb6888227301690397be2014d9
上海市社会救助条例	2018-11-22	2019-05-01	已修改	上海市人民代表大会常务委员会	2c90e5b9688824190168db79c4180c1f
上海市住宅物业管理规定	2018-11-22	2019-03-01	已修改	上海市人民代表大会常务委员会	2c90e5ba688825240168db7543880b93
上海市河道管理条例	2018-11-22	2019-01-01	已修改	上海市人民代表大会常务委员会	ff8080816eb1afb8016ebf3adc3744cd
上海市计量监督管理条例	2018-11-22	2019-01-01	已修改	上海市人民代表大会常务委员会	ff8080816eb1afb8016ebf247b7b3f61
上海市旅游条例	2018-11-22	2019-01-01	已修改	上海市人民代表大会常务委员会	ff8080816eb1afb8016ebf56f5c44bdf
上海市公共汽车和电车客运管理条例	2018-11-22	2019-01-01	已修改	上海市人民代表大会常务委员会	ff8080816eb1afb8016ebf4e19ee48a4
上海市实施《中华人民共和国气象法》办法	2018-11-22	2019-01-01	尚未生效	上海市人民代表大会常务委员会	ff8080816eb1afb8016ebf5243274a10
上海市实施宪法宣誓制度办法	2018-07-27	2018-07-27	有效	上海市人民代表大会常务委员会	2c90e5bb65c68cfd01662b011fe80272
上海市单用途预付消费卡管理规定	2018-07-27	2019-01-01	已修改	上海市人民代表大会常务委员会	2c90e5ba65c68cf701662afba9a2026f
上海市信访条例	2018-05-24	2018-06-01	有效	上海市人民代表大会常务委员会	ff8080816eb1afb8016ebc0a8d7932d4
上海市社会治安综合治理条例	2018-05-24	2018-06-01	有效	上海市人民代表大会常务委员会	ff8080816eb1afb8016ebbeb25742f3c
上海市台湾同胞投资权益保护规定	2018-05-24	2018-06-01	有效	上海市人民代表大会常务委员会	ff8080816eb1afb8016ebbefddc73026
上海市华侨权益保护条例	2018-05-24	2018-06-01	有效	上海市人民代表大会常务委员会	ff8080816eb1afb8016ebc077452322c
上海市供用电条例	2018-05-24	2018-06-01	有效	上海市人民代表大会常务委员会	ff8080816eb1afb8016ebc2caa0a3600
上海市拆除违法建筑若干规定	2018-05-24	2018-06-01	有效	上海市人民代表大会常务委员会	ff8080816eb1afb8016ebc12025234c2
上海市促进中小企业发展条例	2018-05-24	2018-06-01	有效	上海市人民代表大会常务委员会	ff8080816eb1afb8016ebc304a233630
上海市实施《中华人民共和国突发事件应对法》办法	2018-05-24	2018-06-01	有效	上海市人民代表大会常务委员会	ff8080816eb1afb8016ebc32fcdb3686
上海市地下空间规划建设条例	2018-05-24	2018-06-01	已修改	上海市人民代表大会常务委员会	ff8080816eb1afb8016ebbe2050c2da4
上海市安全生产条例	2018-05-24	2018-06-01	已修改	上海市人民代表大会常务委员会	ff8080816eb1afb8016ebbf97efb30de
上海市街道办事处条例	2018-05-24	2018-06-01	已修改	上海市人民代表大会常务委员会	ff8080816eb1afb8016ebc023b3e3185
上海市城乡规划条例	2018-05-24	2018-06-01	已修改	上海市人民代表大会常务委员会	ff8080816eb1afb8016ebbdb35632bcf
上海市城市管理行政执法条例	2018-05-24	2018-06-01	已修改	上海市人民代表大会常务委员会	ff8080816eb1afb8016ebc0ec9d133c9
上海市高等教育促进条例	2017-12-28	2018-03-15	有效	上海市人民代表大会常务委员会	2c90e5bb6200722a01622d74e5f52f88
上海市饮用水水源保护条例	2017-12-28	2018-01-01	已修改	上海市人民代表大会常务委员会	ff8080816eb1afb8016ebb9f43dd1d07
上海市环境保护条例	2017-12-28	2018-01-01	已修改	上海市人民代表大会常务委员会	ff8080816eb1afb8016ebb9a823d1c28
上海市大气污染防治条例	2017-12-28	2018-01-01	已修改	上海市人民代表大会常务委员会	ff8080816eb1afb8016ebba8846f1e9d
上海市供水管理条例	2017-12-28	2018-01-01	已修改	上海市人民代表大会常务委员会	ff8080816eb1afb8016ebbadcc29206a
上海市职工代表大会条例	2017-11-23	2018-01-01	有效	上海市人民代表大会常务委员会	2c90e5bb617a3f0f0161ff7c13ad2fa4
上海市古树名木和古树后续资源保护条例	2017-11-23	2017-12-01	有效	上海市人民代表大会常务委员会	ff8080816eb1afb8016ebb50922f050c
上海市公园管理条例	2017-11-23	2017-12-01	有效	上海市人民代表大会常务委员会	ff8080816eb1afb8016ebb47234d0232
上海市审计条例	2017-11-23	2017-12-01	有效	上海市人民代表大会常务委员会	ff8080816eb1afb8016ebb86b19a16be
上海市农村集体资产监督管理条例	2017-11-23	2018-04-01	已修改	上海市人民代表大会常务委员会	2c90e5ba6200715a01620963aee20ac8
上海市水资源管理若干规定	2017-11-23	2018-01-01	已修改	上海市人民代表大会常务委员会	2c90e5bb6200722a01620953740f0ac6
上海市实施《中华人民共和国防震减灾法》办法	2017-11-23	2017-12-01	已修改	上海市人民代表大会常务委员会	ff8080816eb1afb8016ebb5d871e08a6
上海市档案条例	2017-11-23	2017-12-01	已修改	上海市人民代表大会常务委员会	ff8080816eb1afb8016ebb694c040c69
上海市防汛条例	2017-11-23	2017-12-01	已修改	上海市人民代表大会常务委员会	ff8080816eb1afb8016ebb7658dc1068
上海市河道管理条例	2017-11-23	2017-12-01	已修改	上海市人民代表大会常务委员会	ff8080816eb1afb8016ebb7ebb7013ee
上海市绿化条例	2017-11-23	2017-12-01	已修改	上海市人民代表大会常务委员会	ff8080816eb1afb8016ebb35c8f77eb0
上海市计量监督管理条例	2017-11-23	2017-12-01	已修改	上海市人民代表大会常务委员会	ff8080816eb1afb8016ebb5887cc075c
上海市实施《中华人民共和国残疾人保障法》办法	2017-11-23	2017-12-01	已修改	上海市人民代表大会常务委员会	ff8080816eb1afb8016ebb7a99b51220
上海市拆除违法建筑若干规定	2017-11-23	2017-12-01	已修改	上海市人民代表大会常务委员会	ff8080816eb1afb8016ebb826b8f159d
上海市市民体育健身条例	2017-11-23	2017-12-01	已修改	上海市人民代表大会常务委员会	ff8080816eb1afb8016ebb7115690e7e
上海市社会信用条例	2017-06-23	2017-10-01	有效	上海市人民代表大会常务委员会	4028abcc612777930161282aa9f26d97
上海市人民代表大会常务委员会关于促进和保障崇明世界级生态岛建设的决定	2017-06-23	2017-07-01	有效	上海市人民代表大会常务委员会	4028abcc612777930161282ab17a6da0
上海市预算审查监督条例	2017-06-23	2017-10-01	尚未生效	上海市人民代表大会常务委员会	4028abcc612777930161282aae456d9c
上海市促进科技成果转化条例	2017-04-20	2017-06-01	有效	上海市人民代表大会常务委员会	4028abcc612777930161282857c76b28
上海市居民委员会工作条例	2017-04-20	2017-07-01	已修改	上海市人民代表大会常务委员会	4028abcc612777930161282851466b23
上海市实施《中华人民共和国村民委员会组织法》办法	2017-02-22	2017-05-01	已修改	上海市人民代表大会常务委员会	4028abcc6127779301612888149d3f61
上海市食品安全条例	2017-01-20	2017-03-20	已修改	上海市人民代表大会	4028abcc612777930161282e0f017167
上海市公共场所控制吸烟条例	2016-11-11	2017-03-01	已修改	上海市人民代表大会常务委员会	4028abcc612777930161285bbaab1b09
上海市检验检测条例	2016-11-11	2017-01-01	已修改	上海市人民代表大会常务委员会	4028abcc61277793016127f0a07b3060
上海市街道办事处条例	2016-09-14	2016-11-01	已修改	上海市人民代表大会常务委员会	4028abcc612777930161285c996a1bd9
上海市华侨权益保护条例	2016-09-14		已修改	上海市人民代表大会常务委员会	4028abcc61277793016127f09cc6305c
上海市环境保护条例	2016-07-29	2016-10-01	已修改	上海市人民代表大会常务委员会	4028abcc612777930161285b77731acc
上海市急救医疗服务条例	2016-07-29		已修改	上海市人民代表大会常务委员会	4028abcc612777930161280038814181
上海市推进国际航运中心建设条例	2016-06-23		已修改	上海市人民代表大会常务委员会	4028abcc61277793016128003461417c
上海市人民代表大会常务委员会任免国家机关工作人员条例	2016-04-23	2016-05-01	已修改	上海市人民代表大会常务委员会	4028abcc612777930161285b168f1a70
上海市人民代表大会常务委员会关于区县和乡镇人民代表大会工作的若干规定	2016-04-21	2016-05-01	已修改	上海市人民代表大会常务委员会	4028abcc61277793016127f726ac379d
上海市人口与计划生育条例	2016-02-23	2016-03-01	已修改	上海市人民代表大会常务委员会	4028abcc612777930161285506fd1472
上海市安全生产条例	2016-02-23	2016-03-01	已修改	上海市人民代表大会常务委员会	4028abcc6127779301612854e6781457
上海市新建住宅交付使用许可规定	2016-02-23	2016-03-01	已修改	上海市人民代表大会常务委员会	4028abcc6127779301612862bced21c8
上海市河道管理条例	2016-02-23	2016-03-01	已修改	上海市人民代表大会常务委员会	4028abcc6127779301612825bb5f6827
上海市老年人权益保障条例	2016-01-29		已修改	上海市人民代表大会	4028abcc61277793016127fdea133f00
上海市非物质文化遗产保护条例	2015-12-30		有效	上海市人民代表大会常务委员会	4028abcc61277793016127fed0404001
上海市禁毒条例	2015-12-30	2016-04-01	已修改	上海市人民代表大会常务委员会	4028abcc61277793016127febcd53fef
上海市供用电条例	2015-12-30		已修改	上海市人民代表大会常务委员会	4028abcc61277793016127fec1283ff4
上海市实施宪法宣誓制度办法	2015-11-19		已修改	上海市人民代表大会常务委员会	4028abcc61277793016127f18a6e3159
上海市公园管理条例	2015-07-23	2015-08-01	已修改	上海市人民代表大会常务委员会	4028abcc612777930161285a175a1978
上海市建设工程材料管理条例	2015-07-23	2015-08-01	已修改	上海市人民代表大会常务委员会	4028abcc612777930161285b9e5c1af0
上海市预防职务犯罪工作若干规定	2015-07-23	2015-09-01	尚未生效	上海市人民代表大会常务委员会	4028abcc61277793016127ef2dba2f05
上海市出租汽车管理条例	2015-06-18	2015-07-01	已修改	上海市人民代表大会常务委员会	4028abcc612777930161285b7ae01ad0
上海市城市管理行政执法条例	2015-06-18		已修改	上海市人民代表大会常务委员会	4028abcc61277793016128535f5012fd
上海市教育督导条例	2015-02-11		已修改	上海市人民代表大会常务委员会	4028abcc61277793016127ef29bc2f01
上海市消费者权益保护条例	2014-11-20	2015-03-15	已修改	上海市人民代表大会常务委员会	4028abcc612777930161285368e61306
上海市防汛条例	2014-07-25	2014-08-01	已修改	上海市人民代表大会常务委员会	4028abcc612777930161285464df13e5
上海市建筑市场管理条例	2014-07-25		已修改	上海市人民代表大会常务委员会	4028abcc612777930161285c25b21b6a
上海市大气污染防治条例	2014-07-25		已修改	上海市人民代表大会常务委员会	4028abcc61277793016127f6a753370c
中国（上海）自由贸易试验区条例	2014-07-25		已修改	上海市人民代表大会常务委员会	4028abcc61277793016127e3584e225b
上海市查处车辆非法客运若干规定	2014-06-19		有效	上海市人民代表大会常务委员会	4028abcc61277793016127edbe172d7e
上海市文物保护条例	2014-06-19		有效	上海市人民代表大会常务委员会	4028abcc61277793016127ed267a2ce7
上海市村民委员会选举办法	2014-06-19		已修改	上海市人民代表大会常务委员会	4028abcc612777930161285b98a21aec
上海市人民代表大会常务委员会关于市人民政府制定规章设定行政处罚罚款限额的规定	2014-04-23	2014-05-01	已修改	上海市人民代表大会常务委员会	4028abcc612777930161285c88181bc8
上海市未成年人保护条例	2013-12-27	2014-03-01	已修改	上海市人民代表大会常务委员会	4028abcc61277793016128552644148f
上海市地下空间规划建设条例	2013-12-27	2013-04-01	已修改	上海市人民代表大会常务委员会	4028abcc61277793016127ef258d2efc
上海市实施《中华人民共和国残疾人保障法》办法	2013-11-21	2014-04-01	已修改	上海市人民代表大会常务委员会	4028abcc612777930161285b1a641a74
上海市轨道交通管理条例	2013-11-21	2014-01-01	已修改	上海市人民代表大会常务委员会	4028abcc6127779301612853598d12f8
上海市地面沉降防治管理条例	2013-04-17		已修改	上海市人民代表大会常务委员会	4028abcc61277793016127ee8d2d2e58
上海市实施《中华人民共和国突发事件应对法》办法	2012-12-26		已修改	上海市人民代表大会常务委员会	4028abcc61277793016127ee85f22e4f
上海市社区公共文化服务规定	2012-11-21		有效	上海市人民代表大会常务委员会	4028abcc61277793016127f789cc3811
上海市安置帮教工作规定	2012-11-21	2013-04-01	已修改	上海市人民代表大会常务委员会	4028abcc61277793016127f78e323815
上海市商品包装物减量若干规定	2012-11-21	2013-02-01	已修改	上海市人民代表大会常务委员会	4028abcc61277793016127ee7e0b2e45
上海市推进国际贸易中心建设条例	2012-11-21		已修改	上海市人民代表大会常务委员会	4028abcc61277793016127ee81ef2e4a
上海市国防教育条例	2012-09-26		有效	上海市人民代表大会常务委员会	4028abcc612777930161285983c418e4
上海市审计条例	2012-09-26		已修改	上海市人民代表大会常务委员会	4028abcc61277793016127f47567348c
上海市产品质量条例	2012-04-19		有效	上海市人民代表大会常务委员会	4028abcc61277793016127f471923487
上海市市民体育健身条例	2012-04-19		已修改	上海市人民代表大会常务委员会	4028abcc612777930161285cdf1e1c18
上海市人民代表大会常务委员会关于规范性文件备案审查的规定	2012-04-19		尚未生效	上海市人民代表大会常务委员会	4028abcc61277793016127ec40932bf6
上海市建设工程质量和安全管理条例	2011-12-22	2012-03-01	已修改	上海市人民代表大会常务委员会	4028abcc61277793016127ec37492bed
上海市历史文化风貌区和优秀历史建筑保护条例	2011-12-22	2012-02-01	已修改	上海市人民代表大会常务委员会	4028abcc612777930161285363ef1302
上海市中小学校学生伤害事故处理条例	2011-11-17	2012-01-01	已修改	上海市人民代表大会常务委员会	4028abcc6127779301612859cf2e1931
上海口岸服务条例	2011-11-17		已修改	上海市人民代表大会常务委员会	4028abcc61277793016127ec2e092be4
上海市实施《中华人民共和国食品安全法》办法	2011-07-29	2011-09-01	尚未生效	上海市人民代表大会常务委员会	4028abcc61277793016127ec20b32bd6
上海市终身教育促进条例	2011-01-05		已修改	上海市人民代表大会常务委员会	4028abcc61277793016127ed99752d55
上海市住宅物业管理规定	2010-12-23	2010-04-01	已修改	上海市人民代表大会常务委员会	4028abcc612777930161285516fc147f
上海市职工代表大会条例	2010-12-23		已修改	上海市人民代表大会常务委员会	4028abcc61277793016127f7b3cc383a
上海市实施《中华人民共和国归侨侨眷权益保护法》办法	2010-11-11		有效	上海市人民代表大会常务委员会	4028abcc61277793016128598b6018ec
上海市社会治安综合治理条例	2010-11-11		已修改	上海市人民代表大会常务委员会	4028abcc61277793016127f71ce83793
上海市红十字会条例	2010-09-17	2017-09-17	已修改	上海市人民代表大会常务委员会	4028abcc612777930161285b7f051ad4
上海市科学技术进步条例	2010-09-17	2010-11-01	已修改	上海市人民代表大会常务委员会	4028abcc612777930161285b8ccc1ae0
上海市档案条例	2010-09-17	2010-09-17	已修改	上海市人民代表大会常务委员会	4028abcc61277793016127f6871036e5
上海市供水管理条例	2010-09-17	2010-09-17	已修改	上海市人民代表大会常务委员会	4028abcc612777930161285c830f1bc4
上海市献血条例	2010-09-17	2010-09-17	已修改	上海市人民代表大会常务委员会	4028abcc6127779301612853485112e6
上海市工会条例	2010-09-17	2010-09-17	已修改	上海市人民代表大会常务委员会	4028abcc612777930161285bed7b1b3d
上海市罢免和补选各级人民代表大会代表程序的规定	2010-09-17	2010-09-17	已修改	上海市人民代表大会常务委员会	4028abcc61277793016128597dd518e0
上海市酒类商品产销管理条例	2010-09-17	2010-09-17	尚未生效	上海市人民代表大会常务委员会	4028abcc6127779301612852e4fa128d
上海市建筑节能条例	2010-09-17		尚未生效	上海市人民代表大会常务委员会	4028abcc61277793016127f718fb378e
上海市动物防疫条例	2010-05-27	2010-07-01	已修改	上海市人民代表大会常务委员会	4028abcc612777930161285bd2fc1b21
上海市饮用水水源保护条例	2009-12-10	2010-03-01	已修改	上海市人民代表大会常务委员会	4028abcc61277793016127f714953789
上海市实施《中华人民共和国防震减灾法》办法	2009-10-22		已修改	上海市人民代表大会常务委员会	4028abcc61277793016127f710813784
上海市志愿服务条例	2009-04-23		已修改	上海市人民代表大会常务委员会	4028abcc61277793016127fe6c783f92
上海市节约能源条例	2009-04-23		已修改	上海市人民代表大会常务委员会	4028abcc612777930161285963b118c5
上海市实施《中华人民共和国义务教育法》办法	2009-02-24	2009-06-01	已修改	上海市人民代表大会常务委员会	4028abcc61277793016128598fd918f0
上海市房地产登记条例	2008-12-25	2009-07-01	尚未生效	上海市人民代表大会常务委员会	4028abcc6127779301612854603713e1
上海市保护电力设施和维护用电秩序规定	2008-08-21		有效	上海市人民代表大会常务委员会	4028abcc61277793016127fe65a83f8a
上海市人民代表大会常务委员会议事规则	2008-08-21	2008-08-21	已修改	上海市人民代表大会常务委员会	4028abcc612777930161285b10511a6b
上海市人民代表大会常务委员会关于本市促进和保障世博会筹备和举办工作的决定	2008-06-19	2008-06-19	有效	上海市人民代表大会常务委员会	ff8081819f12cba7019f36ab1eb01bb1
上海市人民代表大会常务委员会关于停止执行两件地方性法规中涉及有关行政事业性收费规定的决定	2008-04-24	2008-04-24	有效	上海市人民代表大会常务委员会	ff8081819f12cba7019f221ffeda52a1
上海市民兵预备役工作条例	2007-10-10		有效	上海市人民代表大会常务委员会	4028abcc61277793016127f72f6337a7
上海市促进农业科技进步若干规定	2007-10-10	2007-12-01	已修改	上海市人民代表大会常务委员会	4028abcc61277793016127f0a4963065
上海市促进大型科学仪器设施共享规定	2007-08-16	2007-11-01	已修改	上海市人民代表大会常务委员会	4028abcc61277793016127f097943057
上海市法律援助若干规定	2006-04-26		已修改	上海市人民代表大会常务委员会	4028abcc61277793016128002ca84174
上海市实施《中华人民共和国国家通用语言文字法》办法	2005-12-29		有效	上海市人民代表大会常务委员会	4028abcc61277793016127fed3d34006
上海市促进就业若干规定	2005-12-29		尚未生效	上海市人民代表大会常务委员会	4028abcc61277793016127fec6cf3ff9
上海市商品交易市场管理条例	2005-11-25		已修改	上海市人民代表大会常务委员会	4028abcc61277793016127f1902f315e
上海市人民代表大会常务委员会关于停止执行本市地方性法规设定的若干行政许可事项的决定	2004-06-23	2004-07-01	有效	上海市人民代表大会常务委员会	ff8081819f12cdb7019f173d82161a13
上海市职业教育条例	2004-05-20		已修改	上海市人民代表大会常务委员会	4028abcc61277793016127ef39e92f11
上海市人民代表大会常务委员会关于消费者权益保护委员会行使《上海市消费者权益保护条例》赋予消费者协会职能的解释	2004-02-20	2004-03-01	有效	上海市人民代表大会常务委员会	ff8081819f12c6b4019f172887b517bf
上海市人民代表大会常务委员会讨论、决定重大事项的规定	2002-04-09		有效	上海市人民代表大会常务委员会	4028abcc61277793016127f46d783483
上海市劳动合同条例	2001-11-15		有效	上海市人民代表大会常务委员会	4028abcc61277793016127ec28ac2bdf
上海市人民代表大会议事规则	2001-10-25	2001-11-10	已修改	上海市人民代表大会	4028abcc61277793016128597a0218dc
上海市市级预算审查监督规定	2001-08-20		有效	上海市人民代表大会常务委员会	4028abcc61277793016127f4ee163511
上海市经纪人条例	2000-12-15	2001-05-01	尚未生效	上海市人民代表大会常务委员会	4028abcc61277793016127f8484d38dd
上海市城镇职工社会保险费征缴若干规定	2000-11-17	2000-12-01	尚未生效	上海市人民代表大会常务委员会	4028abcc61277793016127ed38fa2cf9
上海市实施《中华人民共和国村民委员会组织法》办法	2000-09-25	2001-01-01	已修改	上海市人民代表大会常务委员会	2c90e5ba65c68cf70167a6b3b65e1eba
上海市合同格式条款监督条例	2000-07-14		已修改	上海市人民代表大会常务委员会	4028abcc61277793016127ed34302cf4
上海市发展中医条例	1998-09-22	1998-11-01	尚未生效	上海市人民代表大会常务委员会	4028abcc61277793016127ed2f962cf0
上海市实施《中华人民共和国教师法》办法	1997-11-03		有效	上海市人民代表大会常务委员会	4028abcc61277793016127ed29f12ceb
上海市人民代表大会常务委员会主任会议议事规则	1990-12-31		已修改	上海市人民代表大会常务委员会	4028abcc61277793016127f4841e349f
上海市实施《中华人民共和国集会游行示威法》办法	1990-01-09		有效	上海市人民代表大会常务委员会	4028abcc61277793016127f47cb43496
上海市监护治疗管理肇事肇祸精神病人条例	1986-09-11	1986-10-01	尚未生效	上海市人民代表大会常务委员会	4028abcc61277793016127e9795328dd
上海市实施《中华人民共和国邮政法》办法			有效	上海市人民代表大会常务委员会	4028abcc61277793016127ed3c942cfd
上海市促进电子商务发展规定			有效	上海市人民代表大会常务委员会	4028abcc61277793016127fe68a33f8e
上海市测绘管理条例			有效	上海市人民代表大会常务委员会	4028abcc6127779301612852d29c127c
上海市清真食品管理条例			有效	上海市人民代表大会常务委员会	4028abcc612777930161285bb6e51b05
上海市养犬管理条例			有效	上海市人民代表大会常务委员会	4028abcc612777930161285ce97d1c24
上海市道路交通管理条例			有效	上海市人民代表大会常务委员会	4028abcc6127779301612852dc7f1285
上海市精神卫生条例			有效	上海市人民代表大会常务委员会	4028abcc612777930161285355ba12f4
上海市烟花爆竹安全管理条例			有效	上海市人民代表大会常务委员会	4028abcc612777930161285b73ac1ac8
上海市征兵工作条例			有效	上海市人民代表大会常务委员会	4028abcc612777930161285b6f3d1ac4
上海市城市道路管理条例			有效	上海市人民代表大会常务委员会	4028abcc6127779301612859b3aa1915
上海市职业病防治条例			有效	上海市人民代表大会常务委员会	4028abcc612777930161285c7f741bc0
上海市人民代表大会常务委员会关于加强本市基础通信管线管理的决定			有效	上海市人民代表大会常务委员会	4028abcc612777930161285bb1e61b01
上海市反不正当竞争条例			有效	上海市人民代表大会常务委员会	4028abcc612777930161285b84311ad8
上海市民用机场地区管理条例			有效	上海市人民代表大会常务委员会	4028abcc612777930161285b90411ae4
上海市鼓励引进技术的吸收与创新规定			有效	上海市人民代表大会常务委员会	4028abcc612777930161285bad911afd
上海市集体合同条例			有效	上海市人民代表大会常务委员会	4028abcc612777930161285bdb791b29
上海市文化娱乐市场管理条例			有效	上海市人民代表大会常务委员会	4028abcc6127779301612852ccf31278
上海市实施《中华人民共和国农业技术推广法》办法			有效	上海市人民代表大会常务委员会	4028abcc612777930161285aa38c1a01
上海市水路运输管理条例			有效	上海市人民代表大会常务委员会	4028abcc61277793016127f780f83807
上海市统计条例			有效	上海市人民代表大会常务委员会	4028abcc61277793016127f72b1837a2
上海市经济技术开发区条例			有效	上海市人民代表大会常务委员会	4028abcc61277793016127f478cb3491
上海市住房公积金管理若干规定			有效	上海市人民代表大会常务委员会	4028abcc61277793016127efb55a2f83
上海市专利保护条例			有效	上海市人民代表大会常务委员会	4028abcc61277793016127ec3d072bf2
上海港口条例			有效	上海市人民代表大会常务委员会	4028abcc6127779301612863accc22b2
上海市母婴保健条例			有效	上海市人民代表大会常务委员会	4028abcc612777930161285c95af1bd5
上海市价格管理条例			有效	上海市人民代表大会常务委员会	4028abcc612777930161285cc89f1c03
上海市地名管理条例			有效	上海市人民代表大会常务委员会	4028abcc61277793016128534c6c12ea
上海市消防条例		2010-04-01	已修改	上海市人民代表大会常务委员会	4028abcc6127779301612852c9901274
上海市推进国际金融中心建设条例		2009-08-01	已修改	上海市人民代表大会常务委员会	4028abcc61277793016127fb5d4d3c48
上海市技术市场条例			已修改	上海市人民代表大会常务委员会	4028abcc612777930161285b08321a63
上海市遗体捐献条例			已修改	上海市人民代表大会常务委员会	4028abcc612777930161285cd8f31c14
上海市区县和乡镇人民代表大会代表直接选举实施细则			已修改	上海市人民代表大会常务委员会	4028abcc612777930161284921750824
上海市信访条例			已修改	上海市人民代表大会常务委员会	4028abcc612777930161285b1ec51a78
上海市绿化条例			已修改	上海市人民代表大会常务委员会	4028abcc6127779301612863d04422d2
上海市实施《中华人民共和国土地管理法》办法			已修改	上海市人民代表大会常务委员会	4028abcc612777930161285b23981a7d
上海市古树名木和古树后续资源保护条例			已修改	上海市人民代表大会常务委员会	4028abcc612777930161285b2adf1a85
上海市拆除违法建筑若干规定			已修改	上海市人民代表大会常务委员会	4028abcc612777930161285b93dd1ae8
上海市公共汽车和电车客运管理条例			已修改	上海市人民代表大会常务委员会	4028abcc612777930161285cd0711c0c
上海市民防条例			已修改	上海市人民代表大会常务委员会	4028abcc612777930161285b889b1adc
上海市城乡规划条例			已修改	上海市人民代表大会常务委员会	4028abcc612777930161285bc4241b14
上海市计量监督管理条例			已修改	上海市人民代表大会常务委员会	4028abcc612777930161285cd5011c10
上海市道路运输管理条例			已修改	上海市人民代表大会常务委员会	4028abcc612777930161285a9e6b19fd
上海市台湾同胞投资权益保护规定			已修改	上海市人民代表大会常务委员会	4028abcc61277793016127f185e43154
上海市促进中小企业发展条例			已修改	上海市人民代表大会常务委员会	4028abcc61277793016127f8524a38e9
上海市市容环境卫生管理条例			已修改	上海市人民代表大会常务委员会	4028abcc612777930161285399361330
上海市标准化条例			已修改	上海市人民代表大会常务委员会	4028abcc61277793016127ec335f2be9
上海市宗教事务条例			已修改	上海市人民代表大会常务委员会	4028abcc612777930161285771f216c2
上海市旅游条例			已修改	上海市人民代表大会常务委员会	4028abcc61277793016128550c331476
上海市水产养殖保护规定			已修改	上海市人民代表大会常务委员会	4028abcc612777930161285105c010c7
上海市漕河泾新兴技术开发区暂行条例			已修改	上海市人民代表大会常务委员会	4028abcc61277793016127f480e7349b
上海市公路管理条例			已修改	上海市人民代表大会常务委员会	4028abcc612777930161285ba30c1af4
上海市制定地方性法规条例			已修改	上海市人民代表大会常务委员会	4028abcc6127779301612859ca46192c
上海市殡葬管理条例			已修改	上海市人民代表大会常务委员会	4028abcc6127779301612852e0d51289
上海市音像制品管理条例			已修改	上海市人民代表大会常务委员会	4028abcc612777930161285775ba16c6
上海市少数民族权益保障条例			已修改	上海市人民代表大会常务委员会	4028abcc61277793016127f70d0e377f
上海市出版物发行管理条例			已修改	上海市人民代表大会常务委员会	4028abcc6127779301612859674118c9
上海市特种行业和公共场所治安管理条例			已修改	上海市人民代表大会常务委员会	4028abcc6127779301612853443812e2
上海市人民代表大会关于代表议案的规定			已修改	上海市人民代表大会常务委员会	4028abcc61277793016128492ddd082c
上海市人民代表大会关于代表建议、批评和意见的规定			已修改	上海市人民代表大会常务委员会	4028abcc612777930161284931c20830
上海市实施《中华人民共和国全国人民代表大会和地方各级人民代表大会代表法》办法			已修改	上海市人民代表大会常务委员会	4028abcc6127779301612854fbb01469
上海市实施《中华人民共和国气象法》办法			尚未生效	上海市人民代表大会常务委员会	4028abcc6127779301612863c05b22c4
上海市机动车道路交通事故赔偿责任若干规定			尚未生效	上海市人民代表大会常务委员会	4028abcc61277793016127ef1b482ef0
上海市外商投资企业审批条例			尚未生效	上海市人民代表大会常务委员会	4028abcc61277793016127f8004e388f
上海市实施《中华人民共和国野生动物保护法》办法			尚未生效	上海市人民代表大会常务委员会	4028abcc6127779301612859939e18f4
上海市募捐条例			尚未生效	上海市人民代表大会常务委员会	4028abcc61277793016127f784f2380c
上海市企业名称登记管理规定			尚未生效	上海市人民代表大会常务委员会	4028abcc61277793016127efb0712f7e
上海市滩涂管理条例			尚未生效	上海市人民代表大会常务委员会	4028abcc612777930161285ccc361c07
上海市保护和发展邮电通信规定			尚未生效	上海市人民代表大会常务委员会	4028abcc6127779301612849277b0828
上海市人才流动条例			尚未生效	上海市人民代表大会常务委员会	4028abcc612777930161285c91711bd1
上海市养老机构条例			尚未生效	上海市人民代表大会常务委员会	4028abcc612777930161285338a312d9
上海市房屋租赁条例			尚未生效	上海市人民代表大会常务委员会	4028abcc612777930161285ba6de1af8
上海市排水管理条例			尚未生效	上海市人民代表大会常务委员会	4028abcc612777930161285c8d571bcd
上海市内河航道管理条例			尚未生效	上海市人民代表大会常务委员会	4028abcc612777930161285cee891c29
上海市实施《中华人民共和国妇女权益保障法》办法			尚未生效	上海市人民代表大会常务委员会	4028abcc612777930161285c10b31b5c
上海市实施《中华人民共和国水法》办法			尚未生效	上海市人民代表大会常务委员会	4028abcc612777930161285987cf18e8
上海市燃气管理条例			尚未生效	上海市人民代表大会常务委员会	4028abcc6127779301612853502912ef
上海市促进行业协会发展规定			尚未生效	上海市人民代表大会常务委员会	4028abcc61277793016128596bae18ce
上海市授予荣誉市民称号规定			尚未生效	上海市人民代表大会常务委员会	4028abcc612777930161285c1c491b66
