/xxzfgzwj/20210608/3642936d8f854af49d3e0190a240a3d0.html	上海市放射性污染防治若干规定
/xxzfgzwj/20250320/ce013c40e74045dbad44d9a9ec3f0a52.html	上海市餐饮业大气污染防治办法
/xxzfgzwj/20210608/2b698f6526e24155badf8ebed961f89b.html	上海市社会生活噪声污染防治办法
/xxzfgzwj/20210608/1578fa25c50145a584ac0d7e0effc192.html	上海市城市生活垃圾收运处置管理办法
/xxzfgzwj/20210608/caaead7dc1ff4dedb3fb23c549fa01a3.html	上海市邮政设施管理办法
/xxzfgzwj/20220224/ad502a2cf7f94a8c8d1cd3299f770038.html	上海市公共法律服务办法
/xxzfgzwj/20210608/05f6f6a928a64ae6ac9991101cddafb7.html	上海市燃气管道设施保护办法
/xxzfgzwj/20210609/b3f3a8ffef8c4add8973db9b9136b0ac.html	上海市液化石油气管理办法
/xxzfgzwj/20260122/06cca6ab5837492b8482d2b2923540df.html	上海市厂房仓库消防安全管理若干规定
/xxzfgzwj/20260119/9f034d107da64afab6d5132ec2613aea.html	上海市铁路客运站地区管理办法
/xxzfgzwj/20250808/6ef40a4d5e8545f08de9bdfd880b02c8.html	上海东方枢纽国际商务合作区管理办法
/xxzfgzwj/20210608/1d43921367d34b76b77782e26ba64767.html	上海市餐厨废弃油脂处理管理办法
/xxzfgzwj/20210608/54877b2e2b5c4aba8fb1d2b73cf12135.html	上海市生猪产品质量安全监督管理办法
/xxzfgzwj/20210608/c2daeee9cd84465c962ce2a138c8bbde.html	上海市户外广告设施管理办法
/xxzfgzwj/20210608/3abcfc89fd744cbd9eaae74b22f44d16.html	上海市城市基础设施和公用事业特许经营管理办法
/xxzfgzwj/20250401/7dab726f8b55468c87eb920c49c0be89.html	上海市碳排放管理办法
/xxzfgzwj/20250401/6e847e5db8974103abd067024040e7da.html	上海市海塘管理办法
/xxzfgzwj/20250401/8fd81efe7f284111b2249fb3c544f7cf.html	上海市管线管理办法
/xxzfgzwj/20210608/0e0a742f4f84480c90c42ec87094f7ce.html	上海市建筑垃圾处理管理规定
/xxzfgzwj/20210608/aaa8933e942e4e9fb8df07559bce63e4.html	上海市国有土地上房屋征收与补偿实施细则
/xxzfgzwj/20210608/584192be71354f04ac39cc9b66e4aeb6.html	上海市水文管理办法
/xxzfgzwj/20210609/0429855e22cd4b4caa16295fb94f2470.html	上海市社会保障卡管理办法
/xxzfgzwj/20210609/831c05aba48747519c781adefeef9cbe.html	上海市行政审批告知承诺管理办法
/xxzfgzwj/20210608/fea607cb2b93446ab99fe6b62bb3b2ad.html	上海市网络预约出租汽车经营服务管理若干规定
/xxzfgzwj/20210608/949a096a4e24447c868ac456e845db9f.html	上海市生活饮用水卫生监督管理办法
/xxzfgzwj/20210608/3a9f1ee93b20448e8550d8b58f224fd6.html	上海市集中空调通风系统卫生管理办法
/xxzfgzwj/20210608/fea6054b1a144766b9721870258564a8.html	上海市城市管理综合行政执法条例实施办法
/xxzfgzwj/20240320/0221c00de22d48b6894c8f6fbe8a6643.html	上海市税费征收服务和保障办法
/xxzfgzwj/20210609/303bd986de724050bdc27f8fe38936f5.html	上海市房屋使用安全管理办法
/xxzfgzwj/20240511/7e05234583704dd2afce9ef29bc58e72.html	上海市长兴岛开发建设管理办法
/xxzfgzwj/20210608/f66c5b1543de4118853076e007c5f640.html	上海市医患纠纷预防与调解办法
/xxzfgzwj/20210608/db87382c0196401193dc761532005879.html	上海市停车场（库）管理办法
/xxzfgzwj/20210608/dd9b676bfaa447b795cee99b8acd5aa9.html	上海市市标制作使用管理暂行规定
/xxzfgzwj/20210608/0f959e8602ad47d2909e373a5cd27d38.html	上海市流动户外广告设置管理规定
/xxzfgzwj/20210608/5865d0167d77451a962490c7c36424cf.html	上海市安全生产事故隐患排查治理办法
/xxzfgzwj/20240320/5eaddadb710d4ea4850e0e2235b1cabb.html	上海市实施《防范和处置非法集资条例》办法
/xxzfgzwj/20231229/516fd1bec6564c8dabd82deeddba0f22.html	上海市科学技术奖励规定
/xxzfgzwj/20210608/bf1738899709433ca96b0e9dabf03242.html	上海市市容环境卫生责任区管理办法
/xxzfgzwj/20210608/1c344139def749a996d1c8f0fd3f5541.html	上海市道路和公共场所清扫保洁服务管理办法
/xxzfgzwj/20210608/701c73ab1b4141509d718665491067bc.html	上海市查处乱张贴乱涂写乱刻画乱悬挂乱散发规定
/xxzfgzwj/20210608/bd7a3be9bd154d42be907e3868ce4b0f.html	上海中国航海博物馆捐赠办法
/xxzfgzwj/20210608/8b9b00d10d774464b41f5672a18046cd.html	上海市社会公用计量标准器具管理办法
/xxzfgzwj/20210609/e66989f40605484d868cfe7b907aa79e.html	上海市户外招牌设置管理办法
/xxzfgzwj/20210609/3456956b5d6c46dca629579e139dbb2b.html	上海市崇明禁猎区管理规定
/xxzfgzwj/20210608/aa848b3563d34db495892814016bd8af.html	上海市原水引水管渠保护办法
/xxzfgzwj/20230714/bb4d7f393a07460dba9a6ca6952808b5.html	上海市危险化学品安全管理办法
/xxzfgzwj/20230427/bf4d927496d3481fa10800b59e6523f1.html	上海市城市建设档案管理办法
/xxzfgzwj/20230320/63afcf54b4c147dc8e896bca814d3b7a.html	上海市美术馆管理办法
/xxzfgzwj/20230320/7c2ee7020cb54ab4b7b4fb12ecb5278f.html	上海市社会消防组织管理规定
/xxzfgzwj/20230224/0eb235f430c04815b64f8cd461351ac1.html	上海市行政执法监督办法
/xxzfgzwj/20230224/d1fde6ca4b914984ba36e61ac56163a3.html	上海市行政处罚听证程序规定
/xxzfgzwj/20230215/e09d5273bf0749818c6be962fd7c0734.html	上海市电梯安全管理办法
/xxzfgzwj/20230215/f55788723d6e485e825521a61e022864.html	上海市信息基础设施管理办法
/xxzfgzwj/20230215/00816c03c1314d63a506ed2d14cae2af.html	上海市行政执法证管理办法
/xxzfgzwj/20230201/9a64a8d1ac7e4ee4b782c0390733f91d.html	上海市气象灾害防御办法
/xxzfgzwj/20230113/dcef24bf0aaa4ad7b34939959445be7b.html	上海市消毒管理办法
/xxzfgzwj/20210608/07639865a402456ab5dd2bd9f5f0c932.html	上海市禁止制造销售使用简陋锅炉和非法改装常压锅炉的规定
/xxzfgzwj/20210608/dee4b85307d04159a1561a0e4a775445.html	上海市农业机械安全管理规定
/xxzfgzwj/20220403/2eff615b6f394e259f1bb07384b92aa2.html	上海市水产品质量安全监督管理办法
/xxzfgzwj/20220403/64fa83e630354267979ec560137bad32.html	上海市文化领域相对集中行政处罚权办法
/xxzfgzwj/20220403/cd0d609dba8d4577866137093965fcfa.html	上海市公墓管理办法
/xxzfgzwj/20220228/8a9bf923c4e442d7a3a9ef22381089a3.html	上海市石油天然气管道保护办法
/xxzfgzwj/20220222/c92c258170e14fe6a7b37a8787839cc6.html	上海市轨道交通运营安全管理办法
/xxzfgzwj/20220127/d2c2979752314dc69738454f24cd515c.html	上海市南京路步行街区管理办法
/xxzfgzwj/20220120/9f9d0ecc586c4155a433f48e68eeef56.html	上海市智能网联汽车测试与应用管理办法
/xxzfgzwj/20220120/4d8749e73a9444199488b47a73b7de16.html	上海市建筑消防设施管理规定
/xxzfgzwj/20210608/a041150fc51e4f5c827802192a616640.html	上海市再生资源回收管理办法
/xxzfgzwj/20210918/545e1c7ce10c403dbc19cb32984705f5.html	上海市公共资源交易管理办法
/xxzfgzwj/20210825/6a37e270a30e447eab3a76b3ff72b5bc.html	上海市地方粮食储备安全管理办法
/xxzfgzwj/20210825/da2ee558ad694da88c75acc6337da41f.html	上海市盐业管理规定
/xxzfgzwj/20210723/c2659961a3944c15a81a2a05ef2f00e4.html	关于加强本市消防监督执法工作的决定
/xxzfgzwj/20210723/26ea22abf7ce4521be1b45e197f3e699.html	上海市水域市容环境卫生管理规定
/xxzfgzwj/20210713/0fbc6abe525e458eaa4cf8b921cc0767.html	上海市地图管理办法
/xxzfgzwj/20210608/1a73991bec404d12a10dc4b19346ccb0.html	上海市海域使用管理办法
/xxzfgzwj/20210608/85d0e949835847649d84968c48c29405.html	上海市居住房屋租赁管理办法
/xxzfgzwj/20210713/b6349514bf4b4132997e8d8314fb4bd7.html	上海市无障碍环境建设与管理办法
/xxzfgzwj/20210713/1e1097e1d1d64624a36de665b163d1de.html	上海市水域治安管理办法
/xxzfgzwj/20210608/d1e24e13323a471cba9478a1cb787840.html	上海市实有人口服务和管理若干规定
/xxzfgzwj/20210609/0974819aaba148cc943058f2382e61b0.html	上海市医疗卫生人员权益保障办法
/xxzfgzwj/20210609/fa41419644df42528f2a8ad1517cab4c.html	上海市农药管理规定
/xxzfgzwj/20210609/9ad40267105b4de49d326a10dba0f506.html	上海市行政应诉工作规定
/xxzfgzwj/20210609/1f69174b421241e1bc6a9a3564948bb3.html	上海市重大行政决策程序规定
/xxzfgzwj/20210609/37b3a440f5764c39ade54d3f85350a19.html	上海市政府信息公开规定
/xxzfgzwj/20210609/d36f831634a24cb88bd9d7a9c3d8f25d.html	上海市体育赛事管理办法
/xxzfgzwj/20210608/b55ae64d6fac437fb7638c77c56212a1.html	上海市共有产权保障住房管理办法
/xxzfgzwj/20210609/0ffb79ffe4604873b12b556930148f11.html	上海市民间收藏文物经营管理办法
/xxzfgzwj/20210609/701054e3dd6d44f6bf2603de07013efa.html	上海市景观照明管理办法
/xxzfgzwj/20210608/9733fb9f85b84a9ebc1ceaf47ec2436a.html	上海市建设工程文明施工管理规定
/xxzfgzwj/20210609/933d8aac822c4a8e936f4a60d76fb171.html	上海市公共数据开放暂行办法
/xxzfgzwj/20210609/8e592967f0c846ddabfc16da53cddce8.html	上海市小型客运船舶运输管理办法
/xxzfgzwj/20210609/7ec8815a963b4762b221339f3d6688e1.html	中国（上海）自由贸易试验区临港新片区管理办法
/xxzfgzwj/20210609/565a3d2282ab47249e09834958c8ba82.html	上海市行政规范性文件管理规定
/xxzfgzwj/20210609/86e4ebeb6a994b26b7d80173f51e6662.html	上海市农村村民住房建设管理办法
/xxzfgzwj/20210608/9dd9a03bde224e758312f32baff86599.html	上海市取水许可和水资源费征收管理实施办法
/xxzfgzwj/20210608/a5b073c54763445aa26a48ca2440c722.html	上海市建筑玻璃幕墙管理办法
/xxzfgzwj/20210608/f72888cca362407194a23a0c15357bdf.html	上海市民防工程建设和使用管理办法
/xxzfgzwj/20210608/58574eaf8c0d460f910c12c505e39a25.html	上海市建设工程抗震设防管理办法
/xxzfgzwj/20210608/661ef9b64cf84200b143879c517c1d10.html	上海市导游人员管理办法
/xxzfgzwj/20210609/48d453ad303d40cd9b5ed73b41823114.html	上海市无线电管理办法
/xxzfgzwj/20210608/5d72fc6db40349158e7e4dc9cf896d21.html	上海市九段沙湿地国家级自然保护区管理办法
/xxzfgzwj/20210608/e7323d0ba0544a0da05074ea36d89f16.html	上海市崇明东滩鸟类国家级自然保护区管理办法
/xxzfgzwj/20210609/470a6b177c684c0ebe96833f7ff1979a.html	上海市公共数据和一网通办管理办法
/xxzfgzwj/20210609/0d6cbd7e545c41529bd7898d4fb7f052.html	上海市地方标准管理办法
/xxzfgzwj/20210608/2aa89744ea4c4d76b37fd7fe5a96feb4.html	上海市外商投资企业土地使用管理办法
/xxzfgzwj/20210609/7754172e9c874e468165fd01a71a72b6.html	上海市人民政府规章制定程序规定
/xxzfgzwj/20210609/f3285d24e47549abb5bf0764a0c9d749.html	上海市体育设施管理办法
/xxzfgzwj/20210609/b31be750ff604ff883d6ca8b1e12775f.html	上海市政府采购实施办法
/xxzfgzwj/20210608/f19710f2d3224a618ad3d55bd159daeb.html	上海市公共信用信息归集和使用管理办法
/xxzfgzwj/20210608/797c64786e57466bba017d931ee5e761.html	上海市水闸管理办法
/xxzfgzwj/20210608/0d97f245f5fc46ebaf85ab66555c8751.html	上海市印章刻制业治安管理办法
/xxzfgzwj/20210608/453c444051d243938e4e09a0ea6fd77f.html	上海市传染病防治管理办法
/xxzfgzwj/20210608/6b94e69579da4d17a174a2a60d26f9e5.html	上海市居住证管理办法
/xxzfgzwj/20210608/d7117eb0de1346739fb05df1bcdd50ec.html	上海市住宅物业消防安全管理办法
/xxzfgzwj/20210608/b223230288b14a8a8a8190b25e2fe681.html	上海市政府效能建设管理试行办法
/xxzfgzwj/20210608/f5a3b088e15349008564c76b7ca1bb99.html	上海市建设工程招标投标管理办法
/xxzfgzwj/20210608/08faa713bfb846b7bec3d7e73cb514a9.html	上海市机关事务管理办法
/xxzfgzwj/20210608/78e968d60d0848b6ae88b7d823cf1205.html	上海市道路公共服务设施指示标志管理规定
/xxzfgzwj/20210608/34a7a62ca36e4691a6eee76eeb129f66.html	上海市高速公路管理办法
/xxzfgzwj/20210608/9ed29ca1652a472ca6035f4771c3a59b.html	上海市事业单位登记管理若干规定
/xxzfgzwj/20210608/79368b5766cc43d49166c4188c0380fe.html	上海市地下空间安全使用管理办法
/xxzfgzwj/20210608/0de8f9e500bf4181acb413233c6f6525.html	上海市货运出租汽车运输管理暂行规定
/xxzfgzwj/20210608/024f42f0c5e8405e9c5147cf58c99a48.html	上海市临时占用城市道路管理办法
/xxzfgzwj/20210608/bfec2b3cd59c4d9cbe8f8a4b467bc0ec.html	上海国际旅游度假区管理办法
/xxzfgzwj/20210608/8c0de80a8a144c2a910349a8c295927c.html	上海市行政处罚案件信息主动公开办法
/xxzfgzwj/20210608/acb70cd64ccd419a93e353d3b20ee56c.html	上海市控制性详细规划制定办法
/xxzfgzwj/20210608/e1fde6c20f2e4294a4418e54a9db75bc.html	上海市食品安全信息追溯管理办法
/xxzfgzwj/20210608/732ae79b5ae6404badcb96eed3dab715.html	关于停止执行《上海市邮票和集邮品管理办法》有关行政许可事项的决定
/xxzfgzwj/20210608/2404c85ce4494ea78aaf9a54b007b5a4.html	上海市农村公路管理办法
/xxzfgzwj/20210608/ba5b69c570734d489af99b57b2d7d787.html	上海市森林管理规定
/xxzfgzwj/20210608/db1822d1b61b48a59c9511e5234394ae.html	上海港口客运站管理办法
/xxzfgzwj/20210608/5e81caad2f3146899df633eaa014cdef.html	上海市防空警报管理办法
/xxzfgzwj/20210608/ba692cdca83d443c8c53d2514f2daa9d.html	上海市公共文化馆管理办法
/xxzfgzwj/20210608/4018ee2ec9f141d6838e8cada0658021.html	上海市公共图书馆管理办法
/xxzfgzwj/20210608/d75b7aa69dfc4a41b1c8d6a6d3286d9c.html	上海市文化娱乐市场管理条例实施细则
/xxzfgzwj/20210608/7f347dcaef78434f9435e439a576a009.html	上海市水产养殖保护规定实施细则
/xxzfgzwj/20210608/cb64538755d24ecabc2b490336e39998.html	上海市公共场所人群聚集安全管理办法
/xxzfgzwj/20210608/0062d92719f442d2b74b0d284c854bc8.html	关于中国（上海）自由贸易试验区管理委员会集中行使本市有关行政审批权和行政处罚权的决定
/xxzfgzwj/20210608/550daa452375403da0e64f8dfdad6f46.html	上海市公共场所外国文字使用规定
/xxzfgzwj/20210608/5101fbedbcd04d84bb470b0c54e03301.html	上海市查处车辆非法客运办法
/xxzfgzwj/20210608/f92e05cdda3041dfbd6cfcf9950d38eb.html	上海市外滩风景区综合管理暂行规定
/xxzfgzwj/20210608/84f4803b93be430bbb1d8d6c3ccda247.html	上海港口岸线管理办法
/xxzfgzwj/20210608/100abdbbc733418fbd47f16577c7daf1.html	上海市非机动车管理办法
/xxzfgzwj/20210608/cf17834e28934dc3866d02047416e8c7.html	上海市职工基本医疗保险办法
/xxzfgzwj/20210608/74a1c27213f642f4a64058d9e4f6bb2c.html	上海市城市网格化管理办法
/xxzfgzwj/20210608/4d2cc89010f54eab955323fc1d4f4fbc.html	上海市活禽交易管理办法
/xxzfgzwj/20210608/bbaa12ef342243238be5e37ac5764ac6.html	上海市行政机构设置和编制管理办法
/xxzfgzwj/20210608/c975bb8541fc4c14913b65ce0ac88ad1.html	上海市餐厨垃圾处理管理办法
/xxzfgzwj/20210608/ff4a27df5ce3483ba64c95df8206d51c.html	上海市临港地区管理办法
/xxzfgzwj/20210608/f9831ba81ba84dc7a1a7415cd78a3345.html	上海市工伤保险实施办法
/xxzfgzwj/20210608/38beba62178e479db362b2a414310dde.html	上海市沿海边防治安管理办法
/xxzfgzwj/20210608/0d42761bc90842c0b25379e5c364a93e.html	上海市地质资料管理办法
/xxzfgzwj/20210608/3dc45916cf514f1aa53ce84fd619e8e6.html	上海市建筑物使用安装安全玻璃规定
/xxzfgzwj/20210608/a246a6f40d6445fdb22fb592c578c2ba.html	上海市升挂使用国旗管理办法
/xxzfgzwj/20210608/5cff8f0505464da38023a5445924a8f5.html	上海市建设工程检测管理办法
/xxzfgzwj/20210608/642dcd46b5b54ee39ad73a699afcc0a6.html	上海市建设工程监理管理办法
/xxzfgzwj/20210608/b646af5e7ac04d1a81ac6d45387b6eaf.html	上海市化学工业区管理办法
/xxzfgzwj/20210608/0ebb5a1e23e24d2392ea466093bd31ca.html	上海市实施《地方志工作条例》办法
/xxzfgzwj/20210608/41c97ecf279644ff99498439bd716256.html	上海市非居住房屋改建临时宿舍和施工工地临时宿舍安全使用管理规定
/xxzfgzwj/20210608/3630904286184f91a236b9b6bfc9c86f.html	上海市旅馆业治安管理实施细则
/xxzfgzwj/20210608/dd770cda510d4dfe9614f1ee9133ff6e.html	上海市渔港和渔业船舶安全管理办法
/xxzfgzwj/20210608/23317a97f8a14ad09647f0758118f7f8.html	上海市空调设备安装使用管理规定
/xxzfgzwj/20210608/56c440f620644435b3b302dd519ab960.html	上海市实施《劳动保障监察条例》若干规定
/xxzfgzwj/20210608/0f8614c73f9f4630987e89d47e19bc42.html	上海市公共信息系统安全测评管理办法
/xxzfgzwj/20210608/9d8cef8606f04ef98a0248b7c740010f.html	上海市集体用餐配送监督管理办法
/xxzfgzwj/20210608/2f30724e2b154ebe8259db8ba4445a73.html	上海市土地储备办法
/xxzfgzwj/20210608/7c162f6f13f64d9ba26f21db7a11503b.html	上海市城市规划管理技术规定（土地使用建筑管理）
/xxzfgzwj/20210608/7d7364b9bfb044aaaf80b299a768824f.html	上海市环城绿带管理办法
/xxzfgzwj/20210608/e9d757b5dd6d4c8d8d185b9a87c77569.html	上海市社会公共安全技术防范管理办法
/xxzfgzwj/20210608/b86cea398c3e492a8299c17734c14bc6.html	上海市商品住宅专项维修资金管理办法
/xxzfgzwj/20210608/55c5ef69663c44e1ba9b52997209818c.html	上海市旅行社管理办法
/xxzfgzwj/20210608/be5652c3ed7141e483f4eb103f262aa0.html	上海市民用机场航空油料管线保护办法
/xxzfgzwj/20210608/d1437bd14252450b968a41c941469205.html	上海市国有土地租赁暂行办法
/xxzfgzwj/20210608/0fb9463aaab84268a7d783b826e913b8.html	上海市艾滋病防治办法
/xxzfgzwj/20210608/c03d2144cf8e487294a568ed62befcac.html	上海市陆家嘴金融贸易中心区综合管理暂行规定
/xxzfgzwj/20210608/2f7d5d3a5c8244649bddfa4612873c7e.html	上海市人民广场地区综合管理暂行规定
/xxzfgzwj/20210608/4bab52f6ec9e43939f6219dcbb441997.html	上海市股份合作制企业暂行办法
/xxzfgzwj/20210608/ceddd13d38f54e3a8f9023f5ab6f6b4e.html	上海市房地产转让办法
/xxzfgzwj/20210608/87ea981c29d74ceb9f3ea52e2ab40b96.html	上海市医疗机构管理办法
/xxzfgzwj/20210608/b737ffcb16cb479fbcc3e56dbcd090ef.html	上海市金山三岛海洋生态自然保护区管理办法
/xxzfgzwj/20210608/939bea41506d4f6a81a4efcc04ba84f7.html	上海市基本农田保护的若干规定
/xxzfgzwj/20210608/eac05daa7f334112b90a2e3269c7e517.html	上海市建设工程施工安全监督管理办法
/xxzfgzwj/20210608/4e8039a66d234c518f2da0acb295d8b2.html	上海市商品条码管理办法
/xxzfgzwj/20210608/4f1e98ac0f8c42aa8fed7e53d3b7054e.html	上海市黄浦江防汛墙保护办法
/xxzfgzwj/20210608/62ba90ab76204d94b2f7180ecdd77ea6.html	上海市城市雕塑建设管理办法
/xxzfgzwj/20210608/71d5cd3abe4f42e8a367eb6b6b216f4b.html	上海市档案馆设置管理办法
/xxzfgzwj/20210608/2eebfd59977e4e3b991b41148b6fcf01.html	上海市水上消防监督管理办法
/xxzfgzwj/20210608/1e0de60bfafd4f24a6a95a7d2235d26d.html	上海市企业职工最低工资规定
/xxzfgzwj/20210608/c25316e4eb96493cbb00b7515c881f42.html	关于出售公有住房的暂行办法
/xxzfgzwj/20210608/0212d2742344464fac0b3ceb5c9c2668.html	上海市城镇职工养老保险办法
/xxzfgzwj/20210608/292c790932df425ca64ab26fe5286f6a.html	上海市残疾人分散安排就业办法
/xxzfgzwj/20210608/97ac741cebd64b3e8878b976ddbd109c.html	上海市专业技术人员继续教育暂行规定
/xxzfgzwj/20210608/5d68fb7aff8b42b5952c04dfaaf5e644.html	上海市幼儿园管理办法
/xxzfgzwj/20210608/b7ae2ae73f104748aab4ccb0d14ea4f4.html	上海市测绘成果管理规定
/xxzfgzwj/20210608/47d9476f7f324e0c80529584d5ed9090.html	上海市女职工劳动保护办法
/xxzfgzwj/20210608/f572db13fbf143e39511ecdc0616d2b1.html	上海市技术合同登记管理暂行办法
/xxzfgzwj/20210608/d23445d3309c41f4973e63e16a0d3a77.html	上海市中小学教师进修规定
/xxzfgzwj/20210608/e4162be8d2ff47759bc1949adf2f1dbe.html	上海市合理化建议和技术改进奖励实施办法
/xxzfgzwj/20210608/27a5af3cee1e44ce9f0855240e299081.html	上海市城镇环境卫生设施设置规定
/xxzfgzwj/20210608/2b0e9035561e408b86d82021b20855b7.html	上海市植物检疫实施办法
/xxzfgzwj/20210608/0e86d6e595464b34a127a8757ef4efad.html	上海市露天仓库消防安全管理规定
/xxzfgzwj/20210608/7c4720d9bb854208a22fdb978ed98c94.html	上海浦东机场综合保税区管理办法
/xxzfgzwj/20210608/57fe8cb739264b71a33f78a15d093c33.html	上海市消火栓管理办法
/xxzfgzwj/20210608/d5458ffdd2de4850ba8e3ace8cc53bc9.html	上海市企业欠薪保障金筹集和垫付的若干规定
/xxzfgzwj/20210608/bde8039a5c564338ab5d3ae7a67c4c0c.html	上海市居民经济状况核对办法
/xxzfgzwj/20210608/37a2398cbe7c4ec88168817660c5871c.html	上海市门弄号管理办法
/xxzfgzwj/20210608/e22a61db3a8a4274b45d5df50039d3b5.html	上海市城镇生育保险办法
/xxzfgzwj/20210608/e1ceccf2959645d8b2b85ad0dae3ea95.html	上海市旅馆业管理办法
/xxzfgzwj/20210608/dad695c88c65401d83cb457e57f0409d.html	上海市土地使用权出让办法
/xxzfgzwj/20210608/76b74fa8973046ab8f21cd19b2e0334a.html	上海市促进张江高科技园区发展的若干规定
/xxzfgzwj/20210608/5cf0c18f5b4d4567a73afa8a77c5e84b.html	关于本市烟花爆竹安全管理相关行政许可权和行政处罚权实施工作的决定
/xxzfgzwj/20210608/039fc185d8bc4cb8aa2628470c908a5f.html	上海市医疗废物处理环境污染防治规定
/xxzfgzwj/20210608/1d776ae689394a2cbadd2c6ad576faad.html	洋山保税港区管理办法
/xxzfgzwj/20210608/148ae6d3fbdf4f3e9321fcb95d4e9629.html	上海市长江口中华鲟自然保护区管理办法
/xxzfgzwj/20210608/706d0b126f2f479cb1d40c52ff33e21d.html	上海市婚姻介绍机构管理办法
/xxzfgzwj/20210608/20434b5f38bb4f339db879af2fa8a1b5.html	上海市实施《突发公共卫生事件应急条例》细则
/xxzfgzwj/20210608/82ff69f97ded46b498592153c9654528.html	上海市房地产登记条例实施若干规定
/xxzfgzwj/20210608/9736dd5d6da54b48b469942616e3bbbc.html	关于市人民政府奖励工作审批手续的补充规定
/xxzfgzwj/20210608/e599ef977ab54387bd68d2d3745cb53b.html	上海市退役士兵安置工作暂行办法
/xxzfgzwj/20210608/f8d20675fd61426c994acc3b77166acd.html	上海市见义勇为人员奖励和保护办法
/xxzfgzwj/20210608/ac30d1db94704eed81af66b3567b1534.html	上海科技馆捐赠办法
/xxzfgzwj/20210608/edb7ba1368b74411ade36631dcd09f47.html	上海市房地产抵押办法
/xxzfgzwj/20210608/c477a11a47114821acd3e9b1c07efbe2.html	上海市蓝印户口管理暂行规定
/xxzfgzwj/20210608/936eebe1d859495c9c375d52df0cfc2b.html	上海市农村社会养老保险办法
/xxzfgzwj/20210608/fad8763ff44d4a789675089e0b7cf783.html	上海市实验动物管理办法
/xxzfgzwj/20210608/714983fd5fa24fba82cb2542b80ccae2.html	上海市公用电话管理办法
/xxzfgzwj/20210608/3e608e5b6d9e4e0c881e63f126ee0ee3.html	上海市邮票和集邮品管理办法
/xxzfgzwj/20210608/b6d96bc66718469b99d9013f327bc0c9.html	上海市撤制村、队集体资产处置暂行办法
/xxzfgzwj/20210608/8c9367f9269f4255a9ed7df5768b8d62.html	上海市引进国外专家暂行办法
/xxzfgzwj/20210608/4b2c73779efe403b8d3dfbd487b0a31b.html	上海市罚没财物管理办法
/xxzfgzwj/20210608/531338adc74142048c741fa8659dd625.html	上海市优抚对象优待办法
/xxzfgzwj/20210608/b3a20298ca3e4fd8af1685bee210d621.html	上海市实施《民兵工作条例》细则
/xxzfgzwj/20210608/5cc4081dfad74e5494f48ea5f3de1569.html	上海市房产税实施细则
/xxzfgzwj/20210608/c3fb39b24a1e48fd87f91e49f1125dcd.html	上海市城市贫困市民急病医疗困难补助办法
/xxzfgzwj/20210608/1a2e08d74ad145c2b48388a65f86cc32.html	上海市汽车和摩托车报废更新实施办法
/xxzfgzwj/20210608/0a8f89209bd6463197e39e8545e3264f.html	上海市县级以上地方各级人民政府任免工作人员暂行办法
/xxzfgzwj/20210608/0a8f89209bd6463197e39e8545e3264f.html	上海市县级以上地方各级人民政府任免工作人员暂行办法
